season,seasons_used,player,pWAR,rate,balls_eq,wb_ipl,wb_t20,bf,bb,source,rate_shrunk
2021,"2018,2019,2020",AB de Villiers,1.3053479381065465,0.4362892960010858,1707.0,1707.0,0.0,1707.0,0.0,IPL only,0.3589706829793003
2021,"2018,2019,2020",Aaron Finch,0.777534372639332,0.2443012953831596,996.7,823.0,1158.0,823.0,0.0,IPL+T20I,0.21382195247581628
2021,"2018,2019,2020",Abdul Samad,0.5083963473183959,0.0730479089127735,321.0,321.0,0.0,195.0,126.0,IPL only,0.13980899551255888
2021,"2018,2019,2020",Abhishek Sharma,0.1940760245154253,-0.1394219660537944,425.0,425.0,0.0,219.0,206.0,IPL only,0.053370906741741955
2021,"2018,2019,2020",Adam Zampa,0.3674591890512685,-0.0355470683412897,355.5,198.0,1050.0,0.0,198.0,IPL+T20I,0.10105127698909884
2021,"2018,2019,2020",Adil Rashid,0.5954300512304674,0.1399814714285344,196.8,0.0,1312.0,,,T20I only,0.16374326408837855
2021,"2018,2019,2020",Afif Hossain,0.5893159982401622,0.0530623465162103,53.7,0.0,358.0,,,T20I only,0.1620618995160446
2021,"2018,2019,2020",Ajinkya Rahane,0.7367635824752966,0.2212918956029058,1206.0,1206.0,0.0,1206.0,0.0,IPL only,0.20260998518070658
2021,"2018,2019,2020",Akila Dananjaya,0.47074368588179855,-0.1466980730466949,103.85,29.0,499.0,5.0,24.0,IPL+T20I,0.1294545136174946
2021,"2018,2019,2020",Akshdeep Nath,0.5031283684134679,-0.0383672163062155,127.0,127.0,0.0,127.0,0.0,IPL only,0.13836030131370367
2021,"2018,2019,2020",Al-Amin Hossain,0.6491354957003598,0.3183141690953012,40.5,0.0,270.0,,,T20I only,0.17851226131759895
2021,"2018,2019,2020",Alex Carey,0.46068905016946626,-0.118909897482579,124.65,87.0,251.0,87.0,0.0,IPL+T20I,0.12668948879660322
2021,"2018,2019,2020",Alex Hales,0.7330155814096719,0.3480459992196915,148.9,118.0,206.0,118.0,0.0,IPL+T20I,0.20157928488765978
2021,"2018,2019,2020",Alzarri Joseph,0.387610631938342,-0.2371113762876596,130.0,130.0,0.0,26.0,104.0,IPL only,0.10659292378304405
2021,"2018,2019,2020",Ambati Rayudu,0.7008044913854753,0.2011399292703702,1854.0,1854.0,0.0,1854.0,0.0,IPL only,0.19272123513100572
2021,"2018,2019,2020",Aminul Islam,0.5711231462345049,-0.0756625279989474,40.2,0.0,268.0,,,T20I only,0.15705886521448884
2021,"2018,2019,2020",Amit Mishra,0.4717224655142223,0.0992530565770159,935.0,935.0,0.0,50.0,885.0,IPL only,0.12972367801641113
2021,"2018,2019,2020",Andile Phehlukwayo,0.5807292662214618,0.0942868496515043,114.75,0.0,765.0,,,T20I only,0.15970054821090202
2021,"2018,2019,2020",Andre Fletcher,0.6369158269124601,0.2690437963250758,35.25,0.0,235.0,,,T20I only,0.17515185240092654
2021,"2018,2019,2020",Andre Russell,0.9605497070636038,0.2989497336476578,1885.4,1832.0,356.0,912.0,920.0,IPL+T20I,0.264151169442491
2021,"2018,2019,2020",Andrew Tye,0.3446916757555684,0.0299958673321383,817.1,737.0,534.0,60.0,677.0,IPL+T20I,0.09479021083278132
2021,"2018,2019,2020",Andy Balbirnie,0.6162094755495937,0.1660472093362718,198.3,0.0,1322.0,,,T20I only,0.16945760577613828
2021,"2018,2019,2020",Angelo Mathews,0.5716335355584582,-0.0387192975588653,47.25,0.0,315.0,,,T20I only,0.15719922227857602
2021,"2018,2019,2020",Ankit Rajpoot,0.012624100965929948,-0.1586177844692941,721.0,721.0,0.0,48.0,673.0,IPL only,0.003471627765630736
2021,"2018,2019,2020",Anrich Nortje,0.6347266735759226,0.1770241597481074,1167.3,1116.0,342.0,18.0,1098.0,IPL+T20I,0.17454983523337872
2021,"2018,2019,2020",Arshdeep Singh,0.3755145249047524,0.0220746815454261,579.0,579.0,0.0,9.0,570.0,IPL only,0.1032664943488069
2021,"2018,2019,2020",Asghar Afghan,0.5845558088425375,0.0839998717499083,88.2,0.0,588.0,,,T20I only,0.16075284743169782
2021,"2018,2019,2020",Ashton Agar,0.6157227319255829,0.1647568487786599,168.6,0.0,1124.0,,,T20I only,0.1693237512795353
2021,"2018,2019,2020",Ashton Turner,0.5008533448996346,-0.6051983419754144,30.8,20.0,72.0,20.0,0.0,IPL+T20I,0.13773466984739952
2021,"2018,2019,2020",Asif Ali,0.5463474719665212,-0.1226958423834477,51.75,0.0,345.0,,,T20I only,0.15024555479079335
2021,"2018,2019,2020",Avesh Khan,0.2877587604560548,-0.1999189359380424,229.0,229.0,0.0,6.0,223.0,IPL only,0.07913365912541508
2021,"2018,2019,2020",Avishka Fernando,0.4901035092780681,-0.2557016620423373,63.9,0.0,426.0,,,T20I only,0.13477846505146873
2021,"2018,2019,2020",Axar Patel,0.5707139697017777,0.1526326924648476,2187.05,2186.0,7.0,500.0,1686.0,IPL+T20I,0.15694634166798888
2021,"2018,2019,2020",Babar Azam,0.7285896365801631,0.2906741491302583,232.05,0.0,1547.0,,,T20I only,0.20036215005954483
2021,"2018,2019,2020",Barinder Sran,0.20242609271769194,-0.3562794030111815,195.0,195.0,0.0,13.0,182.0,IPL only,0.05566717549736529
2021,"2018,2019,2020",Barry McCarthy,0.5327674143608009,-0.324343486869856,35.55,0.0,237.0,,,T20I only,0.14651103894922024
2021,"2018,2019,2020",Basil Thampi,0.23698915036290283,-0.1915394617424091,287.0,287.0,0.0,8.0,279.0,IPL only,0.06517201634979829
2021,"2018,2019,2020",Ben Cutting,0.37817577934186763,-0.1092941750571919,218.0,218.0,0.0,92.0,126.0,IPL only,0.1039983393190136
2021,"2018,2019,2020",Ben Laughlin,0.570916650097468,0.085283372566424,131.0,131.0,0.0,4.0,127.0,IPL only,0.1570020787768037
2021,"2018,2019,2020",Ben Stokes,0.5098723873255832,0.1281151319045462,1747.65,1662.0,571.0,959.0,703.0,IPL+T20I,0.1402149065145354
2021,"2018,2019,2020",Beuran Hendricks,0.5735710156817297,0.0006288438378628,56.55,0.0,377.0,,,T20I only,0.15773202931247568
2021,"2018,2019,2020",Bhanuka Rajapaksa,0.6161444929780497,0.1491214240926293,33.9,0.0,226.0,,,T20I only,0.1694397355689637
2021,"2018,2019,2020",Bhuvneshwar Kumar,0.5579657687608868,0.1449744169384764,1404.2,1307.0,648.0,60.0,1247.0,IPL+T20I,0.15344058640924385
2021,"2018,2019,2020",Billy Stanlake,0.7648234927364173,0.3876156810321116,157.55,98.0,397.0,2.0,96.0,IPL+T20I,0.21032646050251474
2021,"2018,2019,2020",Blair Tickner,0.5751967072703732,-0.0093915703642928,51.15,0.0,341.0,,,T20I only,0.15817909449935263
2021,"2018,2019,2020",Blessing Muzarabani,0.6029346879958337,0.0988985874778539,48.3,0.0,322.0,,,T20I only,0.16580703919885428
2021,"2018,2019,2020",Boyd Rankin,0.510920741576551,-0.1959524250437375,62.25,0.0,415.0,,,T20I only,0.14050320393355153
2021,"2018,2019,2020",Brandon King,0.6112260637239254,0.1307449668284931,43.8,0.0,292.0,,,T20I only,0.16808716752407948
2021,"2018,2019,2020",Brendon McCullum,0.6731639788260703,0.3020230517532624,88.0,88.0,0.0,88.0,0.0,IPL only,0.18512009417716932
2021,"2018,2019,2020",Carlos Brathwaite,0.3603732599944109,-0.1018826719733495,248.4,165.0,556.0,68.0,97.0,IPL+T20I,0.099102646498463
2021,"2018,2019,2020",Chris Gayle,1.0078503873109668,0.32553973710369,1544.3,1535.0,62.0,1520.0,15.0,IPL+T20I,0.27715885651051586
2021,"2018,2019,2020",Chris Green,0.5222927058825889,-0.2241196975474634,51.0,51.0,0.0,0.0,51.0,IPL only,0.14363049411771195
2021,"2018,2019,2020",Chris Jordan,0.2657512596288841,-0.0032395149133944,892.8,687.0,1372.0,93.0,594.0,IPL+T20I,0.07308159639794312
2021,"2018,2019,2020",Chris Lynn,1.0523373649596777,0.3741156372565973,982.95,957.0,173.0,957.0,0.0,IPL+T20I,0.28939277536391134
2021,"2018,2019,2020",Chris Morris,0.7865774285369236,0.2414375280503104,1278.2,1223.0,368.0,163.0,1060.0,IPL+T20I,0.21630879284765397
2021,"2018,2019,2020",Chris Mpofu,0.5697153150571479,-0.0083052807983816,58.35,0.0,389.0,,,T20I only,0.1566717116407157
2021,"2018,2019,2020",Chris Woakes,0.4810169772844057,-0.0747035679140305,129.0,129.0,0.0,19.0,110.0,IPL only,0.13227966875321157
2021,"2018,2019,2020",Colin Ingram,0.5065206080566702,0.0685419055064503,308.0,308.0,0.0,308.0,0.0,IPL only,0.13929316721558432
2021,"2018,2019,2020",Colin Munro,0.5927976852587933,0.1480783105634798,346.9,181.0,1106.0,181.0,0.0,IPL+T20I,0.16301936344616816
2021,"2018,2019,2020",Colin de Grandhomme,0.46349236080260436,0.0596872697495703,443.75,332.0,745.0,182.0,150.0,IPL+T20I,0.1274603992207162
2021,"2018,2019,2020",Corey Anderson,0.44731335913718745,-0.2941954135837693,79.55,74.0,37.0,22.0,52.0,IPL+T20I,0.12301117376272655
2021,"2018,2019,2020",Craig Young,0.5944258101098537,0.0656832180377301,49.8,0.0,332.0,,,T20I only,0.16346709778020976
2021,"2018,2019,2020",D'Arcy Short,0.443639757153878,-0.0182678538929703,241.65,117.0,831.0,99.0,18.0,IPL+T20I,0.12200093321731646
2021,"2018,2019,2020",Dale Steyn,0.17159942822786256,-0.1929318433151632,359.25,312.0,315.0,6.0,306.0,IPL+T20I,0.0471898427626622
2021,"2018,2019,2020",Dan Christian,0.4847034929125544,-0.1166217632149666,104.0,104.0,0.0,33.0,71.0,IPL only,0.13329346055095245
2021,"2018,2019,2020",Daniel Sams,0.15848564170415302,-0.3224775478068593,242.55,225.0,117.0,6.0,219.0,IPL+T20I,0.04358355146864208
2021,"2018,2019,2020",Danushka Gunathilaka,0.5653932525459997,0.0129009421022648,73.35,0.0,489.0,,,T20I only,0.1554831444501499
2021,"2018,2019,2020",Daryl Mitchell,0.5650729521413835,-0.0856143853571331,43.65,0.0,291.0,,,T20I only,0.15539506183888047
2021,"2018,2019,2020",Dasun Shanaka,0.539100370319991,-0.0375018490384123,83.55,0.0,557.0,,,T20I only,0.14825260183799754
2021,"2018,2019,2020",David Miller,0.4944196345258502,0.0851312034754389,474.5,392.0,550.0,392.0,0.0,IPL+T20I,0.1359653994946088
2021,"2018,2019,2020",David Warner,1.3019348316138815,0.4146502504671952,2319.5,2186.0,890.0,2183.0,3.0,IPL+T20I,0.3580320786938174
2021,"2018,2019,2020",David Willey,0.499063022079543,-0.0620453043379094,116.55,60.0,377.0,0.0,60.0,IPL+T20I,0.13724233107187434
2021,"2018,2019,2020",Dawid Malan,0.7638584453292447,0.3610605014100717,183.75,0.0,1225.0,,,T20I only,0.2100610724655423
2021,"2018,2019,2020",Deepak Chahar,0.45056642180620166,0.1085876103059476,2125.75,2032.0,625.0,83.0,1949.0,IPL+T20I,0.12390576599670546
2021,"2018,2019,2020",Deepak Hooda,0.4076843463356596,0.0270770098512484,480.0,480.0,0.0,420.0,60.0,IPL only,0.1121131952423064
2021,"2018,2019,2020",Denesh Ramdin,0.5803761680492627,-0.0507908123375425,36.0,0.0,240.0,,,T20I only,0.15960344621354725
2021,"2018,2019,2020",Devdutt Padikkal,0.6521617780155422,0.1848366055863494,1137.0,1137.0,0.0,1137.0,0.0,IPL only,0.1793444889542741
2021,"2018,2019,2020",Devon Conway,0.6445221459051522,0.2694930090498973,51.75,0.0,345.0,,,T20I only,0.17724359012391686
2021,"2018,2019,2020",Dhananjaya de Silva,0.5826869342236713,0.0543833639380046,67.35,0.0,449.0,,,T20I only,0.16023890691150963
2021,"2018,2019,2020",Dhawal Kulkarni,0.20501896357778168,-0.0736368129779982,614.0,614.0,0.0,19.0,595.0,IPL only,0.05638021498388997
2021,"2018,2019,2020",Dinesh Karthik,0.7751259874833728,0.2400980949444444,1110.5,1085.0,170.0,1085.0,0.0,IPL+T20I,0.21315964655792752
2021,"2018,2019,2020",Dwaine Pretorius,0.5917505266945574,0.0996425926310444,85.35,0.0,569.0,,,T20I only,0.1627313948410033
2021,"2018,2019,2020",Dwayne Bravo,0.5112541384049825,0.1265832225034832,1490.2,1438.0,348.0,241.0,1197.0,IPL+T20I,0.1405948880613702
2021,"2018,2019,2020",Eoin Morgan,0.7502644860819964,0.2304137200721866,1043.1,906.0,914.0,906.0,0.0,IPL+T20I,0.206322733672549
2021,"2018,2019,2020",Evin Lewis,0.6860772727078467,0.2161288367077666,465.2,380.0,568.0,380.0,0.0,IPL+T20I,0.18867124999465784
2021,"2018,2019,2020",Fabian Allen,0.5143253460744672,-0.0742859581972769,94.05,0.0,627.0,,,T20I only,0.14143947017047848
2021,"2018,2019,2020",Faf du Plessis,0.9489137457881389,0.2958856996771151,1813.95,1728.0,573.0,1728.0,0.0,IPL+T20I,0.2609512800917382
2021,"2018,2019,2020",Faheem Ashraf,0.5852033191352402,0.1025649336336133,113.85,0.0,759.0,,,T20I only,0.16093091276219104
2021,"2018,2019,2020",Fakhar Zaman,0.5977394424821546,0.1225831567615303,101.25,0.0,675.0,,,T20I only,0.16437834668259252
2021,"2018,2019,2020",Fareed Ahmad,0.6067612698493634,0.0845140947095692,30.3,0.0,202.0,,,T20I only,0.16685934920857493
2021,"2018,2019,2020",Gareth Delany,0.675533012633827,0.2706333420974414,126.6,0.0,844.0,,,T20I only,0.18577157847430242
2021,"2018,2019,2020",Gary Wilson,0.4920882390109061,-0.1691319876514665,80.7,0.0,538.0,,,T20I only,0.1353242657279992
2021,"2018,2019,2020",Gautam Gambhir,0.5013263623265568,-0.1211270788767894,88.0,88.0,0.0,88.0,0.0,IPL only,0.1378647496398031
2021,"2018,2019,2020",George Dockrell,0.5402245699262028,-0.0362616242670125,82.8,0.0,552.0,,,T20I only,0.14856175672970579
2021,"2018,2019,2020",George Linde,0.6255987763576932,0.1976895227168154,44.1,0.0,294.0,,,T20I only,0.17203966349836564
2021,"2018,2019,2020",Glenn Maxwell,0.3917469333686982,0.0670449934433248,1078.65,912.0,1111.0,438.0,474.0,IPL+T20I,0.107730406676392
2021,"2018,2019,2020",Glenn Phillips,0.6918326565423928,0.4417246458949606,55.2,0.0,368.0,,,T20I only,0.190253980549158
2021,"2018,2019,2020",Gulbadin Naib,0.5433199103897465,-0.0684762528990585,67.5,0.0,450.0,,,T20I only,0.1494129753571803
2021,"2018,2019,2020",Gurkeerat Singh Mann,0.29936850205792537,-0.0799583172266276,380.0,380.0,0.0,380.0,0.0,IPL only,0.08232633806592947
2021,"2018,2019,2020",Haider Ali,0.6106207729351619,0.1360061976700357,54.9,0.0,366.0,,,T20I only,0.16792071255716953
2021,"2018,2019,2020",Hamish Bennett,0.5572224783679351,-0.0433533375908898,61.2,0.0,408.0,,,T20I only,0.15323618155118215
2021,"2018,2019,2020",Harbhajan Singh,0.6777844575952752,0.2010778512391845,761.0,761.0,0.0,42.0,719.0,IPL only,0.18639072583870067
2021,"2018,2019,2020",Hardik Pandya,1.0282697522643092,0.3229916820790554,1955.5,1855.0,670.0,1086.0,769.0,IPL+T20I,0.28277418187268505
2021,"2018,2019,2020",Hardus Viljoen,0.43628862568261995,-0.0017828528111346,290.0,290.0,0.0,14.0,276.0,IPL only,0.1199793720627205
2021,"2018,2019,2020",Haris Rauf,0.5793479136831732,0.0679375807506859,85.05,0.0,567.0,,,T20I only,0.15932067626287263
2021,"2018,2019,2020",Haris Sohail,0.5843501930601008,-0.0138984018636749,39.0,0.0,260.0,,,T20I only,0.16069630309152774
2021,"2018,2019,2020",Harpreet Brar,0.40148036513816043,-0.1588982545115343,156.0,156.0,0.0,24.0,132.0,IPL only,0.11040710041299412
2021,"2018,2019,2020",Harry Gurney,0.7724963838710903,0.299963137224855,336.0,336.0,0.0,10.0,326.0,IPL only,0.21243650556454982
2021,"2018,2019,2020",Harry Tector,0.6146605845419255,0.1588334071331046,95.55,0.0,637.0,,,T20I only,0.16903166074902953
2021,"2018,2019,2020",Harshal Patel,0.17783248708863017,-0.0965043598844062,585.0,585.0,0.0,109.0,476.0,IPL only,0.0489039339493733
2021,"2018,2019,2020",Hasan Ali,0.5725221802200912,0.0063864762861313,60.15,0.0,401.0,,,T20I only,0.15744359956052506
2021,"2018,2019,2020",Hayden Walsh,0.5361336827999673,-0.1480797058861814,54.45,0.0,363.0,,,T20I only,0.14743676276999101
2021,"2018,2019,2020",Hazratullah Zazai,0.6982695167866495,0.3478229458036827,97.05,0.0,647.0,,,T20I only,0.1920241171163286
2021,"2018,2019,2020",Heinrich Klaasen,0.4724529366050147,-0.1026383248032434,121.9,67.0,366.0,67.0,0.0,IPL+T20I,0.12992455756637905
2021,"2018,2019,2020",Hussain Talat,0.5749918021810091,0.0181116279172072,61.5,0.0,410.0,,,T20I only,0.1581227455997775
2021,"2018,2019,2020",Iftikhar Ahmed,0.6258201410108613,0.1918112270612523,59.55,0.0,397.0,,,T20I only,0.17210053877798684
2021,"2018,2019,2020",Imad Wasim,0.6776026756139332,0.2489709179094011,177.9,0.0,1186.0,,,T20I only,0.18634073579383162
2021,"2018,2019,2020",Imran Tahir,0.4734464681883569,0.1053559961924125,1133.5,1126.0,50.0,32.0,1094.0,IPL+T20I,0.13019777875179814
2021,"2018,2019,2020",Ish Sodhi,0.4601997624514489,0.0584281429150394,450.75,252.0,1325.0,28.0,224.0,IPL+T20I,0.12655493467414844
2021,"2018,2019,2020",Ishan Kishan,1.1963562078090888,0.4057628010935072,1446.0,1446.0,0.0,1446.0,0.0,IPL only,0.3289979571474994
2021,"2018,2019,2020",Ishant Sharma,0.9905198114484759,0.3890244155445879,612.0,612.0,0.0,6.0,606.0,IPL only,0.27239294814833087
2021,"2018,2019,2020",Isuru Udana,0.22957995876716705,-0.050296206996245,662.1,555.0,714.0,33.0,522.0,IPL+T20I,0.06313448866097093
2021,"2018,2019,2020",JJ Smuts,0.5435370888148725,-0.3228530996245208,31.05,0.0,207.0,,,T20I only,0.14947269942408994
2021,"2018,2019,2020",Jagadeesha Suchith,0.4779031169938024,-0.2185799202115168,78.0,78.0,0.0,30.0,48.0,IPL only,0.13142335717329565
2021,"2018,2019,2020",James Neesham,0.15970183296353668,-0.1864214492107239,384.45,324.0,403.0,54.0,270.0,IPL+T20I,0.043918004064972586
2021,"2018,2019,2020",James Pattinson,0.4225401887557261,0.0602138626425665,678.0,678.0,0.0,39.0,639.0,IPL only,0.11619855190782467
2021,"2018,2019,2020",James Vince,0.6210191107131461,0.1774892112245647,37.2,0.0,248.0,,,T20I only,0.1707802554461152
2021,"2018,2019,2020",Jason Behrendorff,0.7732706931367841,0.3341373270553145,243.3,228.0,102.0,0.0,228.0,IPL+T20I,0.21264944061261565
2021,"2018,2019,2020",Jason Holder,0.639638844680646,0.1810766940918247,740.7,663.0,518.0,159.0,504.0,IPL+T20I,0.17590068228717767
2021,"2018,2019,2020",Jason Roy,0.6190787390234738,0.1694986242917837,165.7,94.0,478.0,94.0,0.0,IPL+T20I,0.1702466532314553
2021,"2018,2019,2020",Jasprit Bumrah,1.389682146464343,0.4468396603089224,2291.65,2179.0,751.0,22.0,2157.0,IPL+T20I,0.38216259027769434
2021,"2018,2019,2020",Javon Searles,0.4687128322318503,-0.4767161680673064,48.0,48.0,0.0,6.0,42.0,IPL only,0.12889602886375884
2021,"2018,2019,2020",Jayant Yadav,0.7305283471019064,0.3015089801690368,212.0,212.0,0.0,0.0,212.0,IPL only,0.20089529545302426
2021,"2018,2019,2020",Jaydev Unadkat,-0.0011332395663844557,-0.0946033602289619,1267.5,1248.0,130.0,83.0,1165.0,IPL+T20I,-0.0003116408807557253
2021,"2018,2019,2020",Jean-Paul Duminy,0.44979888739218765,-0.2199011025462048,95.2,58.0,248.0,40.0,18.0,IPL+T20I,0.12369469403285162
2021,"2018,2019,2020",Joe Denly,0.5510598468169083,-0.1296837579778494,47.0,2.0,300.0,2.0,0.0,IPL+T20I,0.1515414578746498
2021,"2018,2019,2020",Joe Root,0.5703510095859249,-0.1247545482759237,33.75,0.0,225.0,,,T20I only,0.15684652763612933
2021,"2018,2019,2020",Jofra Archer,1.2131879543580484,0.3874560591473758,2122.3,2053.0,462.0,290.0,1763.0,IPL+T20I,0.3336266874484633
2021,"2018,2019,2020",Jonny Bairstow,1.2036673223156207,0.404635075869273,1526.75,1382.0,965.0,1382.0,0.0,IPL+T20I,0.3310085136367957
2021,"2018,2019,2020",Jos Buttler,1.4997263049029892,0.5211543282234846,1558.0,1444.0,760.0,1444.0,0.0,IPL+T20I,0.41242473384832207
2021,"2018,2019,2020",Josh Hazlewood,0.6612733466085096,0.2213490027361835,202.5,180.0,150.0,0.0,180.0,IPL+T20I,0.18185017031734013
2021,"2018,2019,2020",Josh Little,0.5283171842931961,-0.0773003477650649,79.05,0.0,527.0,,,T20I only,0.1452872256806289
2021,"2018,2019,2020",Josh Philippe,0.5977882982051612,0.1461131748513164,231.0,231.0,0.0,231.0,0.0,IPL only,0.16439178200641932
2021,"2018,2019,2020",Junior Dala,0.49647658539918754,-0.2764343518608058,57.45,18.0,263.0,0.0,18.0,IPL+T20I,0.13653106098477658
2021,"2018,2019,2020",KC Cariappa,0.448857982896866,-0.9729455196925484,30.0,30.0,0.0,6.0,24.0,IPL only,0.12343594529663816
2021,"2018,2019,2020",KL Rahul,1.2429534378403948,0.3807173843437334,3083.7,2847.0,1578.0,2847.0,0.0,IPL+T20I,0.3418121954061086
2021,"2018,2019,2020",KM Asif,0.5410524493361586,-0.2718774975467728,36.0,36.0,0.0,0.0,36.0,IPL only,0.1487894235674436
2021,"2018,2019,2020",Kagiso Rabada,0.5347410222321897,0.1389530809838039,2019.45,1929.0,603.0,177.0,1752.0,IPL+T20I,0.14705378111385214
2021,"2018,2019,2020",Kamlesh Nagarkoti,0.14092783803366787,-0.1255371740163942,561.0,561.0,0.0,93.0,468.0,IPL only,0.038755155459258665
2021,"2018,2019,2020",Kane Richardson,0.6186640436683569,0.1682842922703525,110.25,0.0,735.0,,,T20I only,0.17013261200879815
2021,"2018,2019,2020",Kane Williamson,0.9721831147784692,0.3088391167301187,1635.35,1523.0,749.0,1487.0,36.0,IPL+T20I,0.267350356564079
2021,"2018,2019,2020",Karim Janat,0.5386725137836063,-0.0159254872476586,95.1,0.0,634.0,,,T20I only,0.14813494129049173
2021,"2018,2019,2020",Karn Sharma,0.41797558173458166,0.0252520467012239,433.0,433.0,0.0,0.0,433.0,IPL only,0.11494328497700995
2021,"2018,2019,2020",Kartik Tyagi,0.10414610976204657,-0.1115412880755055,708.0,708.0,0.0,18.0,690.0,IPL only,0.028640180184562804
2021,"2018,2019,2020",Karun Nair,0.560133995755012,0.1123248071072373,275.0,275.0,0.0,275.0,0.0,IPL only,0.1540368488326283
2021,"2018,2019,2020",Kasun Rajitha,0.5185112914924423,-0.2633090207776446,48.0,0.0,320.0,,,T20I only,0.14259060516042163
2021,"2018,2019,2020",Kedar Jadhav,0.1886581438000172,-0.0968285319170365,558.0,558.0,0.0,558.0,0.0,IPL only,0.05188098954500473
2021,"2018,2019,2020",Keemo Paul,0.3785365048890325,0.012766116662555,508.35,384.0,829.0,48.0,336.0,IPL+T20I,0.10409753884448393
2021,"2018,2019,2020",Kesrick Williams,0.5210573644783293,-0.0969756763211975,79.05,0.0,527.0,,,T20I only,0.14329077523154055
2021,"2018,2019,2020",Kevin O'Brien,0.6595488136400428,0.218198887095805,208.2,0.0,1388.0,,,T20I only,0.18137592375101177
2021,"2018,2019,2020",Khaleel Ahmed,0.5186990972157072,0.1227821317963102,979.2,906.0,488.0,8.0,898.0,IPL+T20I,0.14264225173431946
2021,"2018,2019,2020",Khary Pierre,0.5133785925967763,-0.2567067292602375,51.45,0.0,343.0,,,T20I only,0.1411791129641135
2021,"2018,2019,2020",Khushdil Shah,0.5693506273751263,-0.0959444599616972,38.4,0.0,256.0,,,T20I only,0.15657142252815973
2021,"2018,2019,2020",Kieron Pollard,0.9272757122694348,0.2964950519888577,1426.8,1254.0,1152.0,876.0,378.0,IPL+T20I,0.2550008208740946
2021,"2018,2019,2020",Krishnappa Gowtham,0.38212291973866064,0.048407292881502,807.0,807.0,0.0,183.0,624.0,IPL only,0.10508380292813167
2021,"2018,2019,2020",Krunal Pandya,0.5289917714882909,0.138630021475985,2552.45,2429.0,823.0,733.0,1696.0,IPL+T20I,0.14547273715928
2021,"2018,2019,2020",Kuldeep Yadav,0.1395325806886195,-0.0470281928187256,1082.4,1026.0,376.0,103.0,923.0,IPL+T20I,0.03837145968937036
2021,"2018,2019,2020",Kulwant Khejroliya,0.651395853829018,0.2279106294410891,125.0,125.0,0.0,0.0,125.0,IPL only,0.17913385980297997
2021,"2018,2019,2020",Kusal Mendis,0.5698336142610254,0.0199003277953587,70.2,0.0,468.0,,,T20I only,0.15670424392178198
2021,"2018,2019,2020",Kusal Perera,0.5972556480990392,0.1196817442549813,97.05,0.0,647.0,,,T20I only,0.16424530322723577
2021,"2018,2019,2020",Kyle Jamieson,0.6758105074594181,0.478447267020599,36.9,0.0,246.0,,,T20I only,0.18584788955133996
2021,"2018,2019,2020",Kyle Jarvis,0.5763550007281086,0.0055989435672369,54.6,0.0,364.0,,,T20I only,0.15849762520022986
2021,"2018,2019,2020",Lahiru Kumara,0.5369082150997078,-0.1631060741931663,51.3,0.0,342.0,,,T20I only,0.14764975915241965
2021,"2018,2019,2020",Lakshan Sandakan,0.48057381551420036,-0.1214988879574464,105.6,0.0,704.0,,,T20I only,0.1321577992664051
2021,"2018,2019,2020",Lasith Malinga,0.21520655111161227,-0.055864877277633,676.85,542.0,899.0,0.0,542.0,IPL+T20I,0.05918180155569337
2021,"2018,2019,2020",Lendl Simmons,0.7385144377124286,0.5104493144881248,74.39999999999999,0.0,496.0,,,T20I only,0.20309147037091788
2021,"2018,2019,2020",Lewis Gregory,0.5715186870687313,-0.0883153874209552,37.8,0.0,252.0,,,T20I only,0.1571676389439011
2021,"2018,2019,2020",Liam Livingstone,0.5655671020126584,0.059003744536022,108.0,108.0,0.0,96.0,12.0,IPL only,0.15553095305348105
2021,"2018,2019,2020",Liam Plunkett,0.4181093119323914,-0.0936788806720169,186.0,153.0,220.0,3.0,150.0,IPL+T20I,0.11498006078140764
2021,"2018,2019,2020",Litton Das,0.6505995055925975,0.2337975895158286,108.3,0.0,722.0,,,T20I only,0.17891486403796433
2021,"2018,2019,2020",Lockie Ferguson,0.6259789508730593,0.1738151686676725,720.75,651.0,465.0,87.0,564.0,IPL+T20I,0.17214421149009132
2021,"2018,2019,2020",Lungi Ngidi,0.6951081932555112,0.2176094455969356,548.55,450.0,657.0,0.0,450.0,IPL+T20I,0.1911547531452656
2021,"2018,2019,2020",Lutho Sipamla,0.5782604176394441,-0.0617660825690511,36.15,0.0,241.0,,,T20I only,0.15902161485084715
2021,"2018,2019,2020",MS Dhoni,0.743063491614206,0.2203694043893991,1481.45,1436.0,303.0,1436.0,0.0,IPL+T20I,0.20434246019390664
2021,"2018,2019,2020",Mahipal Lomror,0.435361052963965,-0.0517230677380935,207.0,207.0,0.0,189.0,18.0,IPL only,0.11972428956509036
2021,"2018,2019,2020",Mahmudullah,0.6329248162890387,0.1941525568109815,126.45,0.0,843.0,,,T20I only,0.17405432447948566
2021,"2018,2019,2020",Manan Vohra,0.5414252767344866,-0.1717940039178815,47.0,47.0,0.0,47.0,0.0,IPL only,0.1488919511019838
2021,"2018,2019,2020",Mandeep Singh,0.514459017543056,0.1153974077132927,777.0,777.0,0.0,753.0,24.0,IPL only,0.14147622982434038
2021,"2018,2019,2020",Manish Pandey,0.8697743097277456,0.2650968885165025,1857.85,1771.0,579.0,1771.0,0.0,IPL+T20I,0.23918793517513007
2021,"2018,2019,2020",Manoj Tiwary,0.6032188947750609,0.1023458278006797,50.0,50.0,0.0,44.0,6.0,IPL only,0.16588519606314173
2021,"2018,2019,2020",Marcus Stoinis,0.4962723723938565,0.1244399718038818,1974.6,1899.0,504.0,1099.0,800.0,IPL+T20I,0.13647490240831053
2021,"2018,2019,2020",Mark Adair,0.509075582117925,-0.3689541814557247,41.85,0.0,279.0,,,T20I only,0.13999578508242938
2021,"2018,2019,2020",Mark Wood,0.5165779430437922,-0.054918760319627,100.8,27.0,492.0,3.0,24.0,IPL+T20I,0.14205893433704286
2021,"2018,2019,2020",Martin Guptill,0.812537506254482,0.3825087282832585,233.35,106.0,849.0,106.0,0.0,IPL+T20I,0.22344781421998253
2021,"2018,2019,2020",Matthew Wade,0.6293207822047792,0.2059102358547178,56.25,0.0,375.0,,,T20I only,0.17306321510631428
2021,"2018,2019,2020",Mayank Agarwal,1.4632965964910618,0.5205069197930108,1375.0,1375.0,0.0,1375.0,0.0,IPL only,0.402406564035042
2021,"2018,2019,2020",Mayank Markande,0.27915566006681647,-0.0970369153651359,377.2,370.0,48.0,34.0,336.0,IPL+T20I,0.07676780651837453
2021,"2018,2019,2020",Mehidy Hasan Miraz,0.5564946199616264,-0.2208930521590705,32.55,0.0,217.0,,,T20I only,0.15303602048944726
2021,"2018,2019,2020",Mitchell Johnson,0.4325094220844087,-0.1441149593360844,137.0,137.0,0.0,11.0,126.0,IPL only,0.11894009107321238
2021,"2018,2019,2020",Mitchell Marsh,0.5612507235861441,-0.0337235759426254,59.85,15.0,299.0,3.0,12.0,IPL+T20I,0.15434394898618964
2021,"2018,2019,2020",Mitchell McClenaghan,0.6171124196944717,0.1687083675380037,503.7,501.0,18.0,42.0,459.0,IPL+T20I,0.1697059154159797
2021,"2018,2019,2020",Mitchell Santner,0.5081259600173534,0.1017665259719306,565.8,342.0,1492.0,46.0,296.0,IPL+T20I,0.13973463900477218
2021,"2018,2019,2020",Mitchell Starc,0.7099968757159595,0.356827875531325,107.55,0.0,717.0,,,T20I only,0.19524914082188885
2021,"2018,2019,2020",Mitchell Swepson,0.6380706811199954,0.2810598844911619,33.45,0.0,223.0,,,T20I only,0.17546943730799874
2021,"2018,2019,2020",Moeen Ali,0.6059649967927124,0.1637501157149345,916.3,829.0,582.0,360.0,469.0,IPL+T20I,0.1666403741179959
2021,"2018,2019,2020",Mohammad Amir,0.6111584567313781,0.1469732110901626,78.14999999999999,0.0,521.0,,,T20I only,0.168068575601129
2021,"2018,2019,2020",Mohammad Hafeez,0.7098797465556166,0.3041638578271754,159.29999999999998,0.0,1062.0,,,T20I only,0.19521693030279455
2021,"2018,2019,2020",Mohammad Hasnain,0.5398125504547476,-0.0873015822614718,65.25,0.0,435.0,,,T20I only,0.14844845137505558
2021,"2018,2019,2020",Mohammad Nabi,1.0090706237870066,0.372692553666,787.3,640.0,982.0,188.0,452.0,IPL+T20I,0.27749442154142684
2021,"2018,2019,2020",Mohammad Naim,0.6179228073820927,0.164703052026011,66.3,0.0,442.0,,,T20I only,0.1699287720300755
2021,"2018,2019,2020",Mohammad Rizwan,0.5318513764668898,-0.0978276779282581,69.3,0.0,462.0,,,T20I only,0.1462591285283947
2021,"2018,2019,2020",Mohammad Saifuddin,0.5686749926676936,-0.1235764729933441,35.1,0.0,234.0,,,T20I only,0.15638562298361575
2021,"2018,2019,2020",Mohammed Shami,0.3770284953132506,0.0773089961357676,1771.4,1721.0,336.0,19.0,1702.0,IPL+T20I,0.10368283621114391
2021,"2018,2019,2020",Mohammed Siraj,0.41536144663113284,0.0807653060261307,1175.75,1172.0,25.0,92.0,1080.0,IPL+T20I,0.11422439782356152
2021,"2018,2019,2020",Mohit Sharma,0.26259663258009813,-0.1509896724224647,308.0,308.0,0.0,17.0,291.0,IPL only,0.07221407395952698
2021,"2018,2019,2020",Moises Henriques,0.640203604503605,0.3012175217026707,31.5,0.0,210.0,,,T20I only,0.1760559912384914
2021,"2018,2019,2020",Monu Kumar,0.5909744030498173,0.0206196769865847,39.0,39.0,0.0,0.0,39.0,IPL only,0.16251796083869977
2021,"2018,2019,2020",Mosaddek Hossain,0.559199869233136,-0.2125920746383607,31.8,0.0,212.0,,,T20I only,0.1537799640391124
2021,"2018,2019,2020",Mujeeb Ur Rahman,0.2780450101684942,-0.0120968536563195,742.7,644.0,658.0,24.0,620.0,IPL+T20I,0.07646237779633591
2021,"2018,2019,2020",Murali Vijay,0.3357765398262567,-0.1170852896350127,261.0,261.0,0.0,261.0,0.0,IPL only,0.0923385484522206
2021,"2018,2019,2020",Murugan Ashwin,0.45357581766526855,0.094068670321268,1043.0,1043.0,0.0,24.0,1019.0,IPL only,0.12473334985794884
2021,"2018,2019,2020",Mushfiqur Rahim,0.6034331178348871,0.1267964110986446,80.1,0.0,534.0,,,T20I only,0.16594410740459395
2021,"2018,2019,2020",Mustafizur Rahman,0.4700664686265742,0.0215113667843828,267.35,170.0,649.0,3.0,167.0,IPL+T20I,0.1292682788723079
2021,"2018,2019,2020",Najibullah Zadran,0.6126588277207166,0.1499807514859947,73.5,0.0,490.0,,,T20I only,0.16848117762319706
2021,"2018,2019,2020",Narayan Jagadeesan,0.40729813866315706,-0.3580127126109028,87.0,87.0,0.0,87.0,0.0,IPL only,0.1120069881323682
2021,"2018,2019,2020",Nathan Coulter-Nile,0.8368648334912127,0.305924022283669,551.55,513.0,257.0,45.0,468.0,IPL+T20I,0.23013782921008347
2021,"2018,2019,2020",Navdeep Saini,0.6290301865040859,0.1741165746881899,1581.0,1503.0,520.0,89.0,1414.0,IPL+T20I,0.17298330128862363
2021,"2018,2019,2020",Naveen-ul-Haq,0.6401078289032295,0.2743793122604016,39.9,0.0,266.0,,,T20I only,0.1760296529483881
2021,"2018,2019,2020",Nazmul Islam,0.59781052023305,0.0510086319764494,37.2,0.0,248.0,,,T20I only,0.16439789306408875
2021,"2018,2019,2020",Nicholas Pooran,1.2744070997290402,0.4884751605955764,913.15,838.0,501.0,838.0,0.0,IPL+T20I,0.35046195242548606
2021,"2018,2019,2020",Nikhil Naik,0.35050382949480546,-1.1676265317565446,41.0,41.0,0.0,41.0,0.0,IPL only,0.0963885531110715
2021,"2018,2019,2020",Niroshan Dickwella,0.6594413416084655,0.37589732574404,39.3,0.0,262.0,,,T20I only,0.181346368942328
2021,"2018,2019,2020",Nitish Rana,0.755799807830322,0.2238858885801693,1633.0,1633.0,0.0,1464.0,169.0,IPL only,0.20784494715333854
2021,"2018,2019,2020",Nuwan Pradeep,0.5762652068305528,-0.0318695787573408,43.95,0.0,293.0,,,T20I only,0.15847293187840203
2021,"2018,2019,2020",Oshane Thomas,0.6071849034572026,0.1555292667964228,210.85,124.0,579.0,0.0,124.0,IPL+T20I,0.1669758484507307
2021,"2018,2019,2020",Parthiv Patel,0.7918883039881078,0.2691520632252389,645.0,645.0,0.0,645.0,0.0,IPL only,0.21776928359672967
2021,"2018,2019,2020",Pat Cummins,0.27063794627937243,0.0253196578885665,1368.45,1278.0,603.0,342.0,936.0,IPL+T20I,0.07442543522682742
2021,"2018,2019,2020",Paul Stirling,0.7480415385690303,0.3043197684845912,250.5,0.0,1670.0,,,T20I only,0.20571142310648333
2021,"2018,2019,2020",Pawan Negi,0.33479152297855996,-0.201243761576348,187.0,187.0,0.0,29.0,158.0,IPL only,0.092067668819104
2021,"2018,2019,2020",Peter Chase,0.6100193817107086,0.1143111331747109,34.95,0.0,233.0,,,T20I only,0.16775532997044487
2021,"2018,2019,2020",Pieter Seelaar,0.5871820924791894,-0.0432325342113064,30.6,0.0,204.0,,,T20I only,0.16147507543177708
2021,"2018,2019,2020",Piyush Chawla,-0.0487374668664001,-0.1111086257338214,1317.0,1317.0,0.0,108.0,1209.0,IPL only,-0.013402803388260026
2021,"2018,2019,2020",Prabhsimran Singh,0.44759532718896805,-0.296335401142603,79.0,79.0,0.0,79.0,0.0,IPL only,0.12308871497696622
2021,"2018,2019,2020",Prasidh Krishna,0.16178174970768894,-0.0434876823419546,1002.0,1002.0,0.0,21.0,981.0,IPL only,0.04448998116961446
2021,"2018,2019,2020",Praveen Dubey,0.27974263032603325,-0.280700007914772,183.0,183.0,0.0,39.0,144.0,IPL only,0.07692922333965915
2021,"2018,2019,2020",Prayas Ray Barman,0.2612209861485063,-0.6470347061397321,96.0,96.0,0.0,48.0,48.0,IPL only,0.07183577119083924
2021,"2018,2019,2020",Prithvi Raj,0.40539123273241456,-0.5539818199716912,62.0,62.0,0.0,2.0,60.0,IPL only,0.111482589001414
2021,"2018,2019,2020",Prithvi Shaw,1.2713025428563005,0.4550994809024007,1189.0,1189.0,0.0,1189.0,0.0,IPL only,0.34960819928548265
2021,"2018,2019,2020",Priyam Garg,0.49043234554287685,0.0601290177260373,333.0,333.0,0.0,333.0,0.0,IPL only,0.1348688950242911
2021,"2018,2019,2020",Quinton de Kock,1.121386371008255,0.3533562290959022,2147.2,2032.0,768.0,2032.0,0.0,IPL+T20I,0.3083812520272701
2021,"2018,2019,2020",Rahmanullah Gurbaz,0.6660582728786332,0.2924749940589595,81.6,0.0,544.0,,,T20I only,0.18316602504162413
2021,"2018,2019,2020",Rahul Chahar,0.318505255927957,0.050357441661689,1557.4,1552.0,36.0,34.0,1518.0,IPL+T20I,0.08758894538018817
2021,"2018,2019,2020",Rahul Tewatia,0.6583040661942864,0.1854596772529388,1678.0,1678.0,0.0,636.0,1042.0,IPL only,0.18103361820342875
2021,"2018,2019,2020",Rahul Tripathi,0.6729155367970843,0.195875911283169,946.0,946.0,0.0,946.0,0.0,IPL only,0.18505177261919817
2021,"2018,2019,2020",Rashid Khan,0.9604953166907702,0.2896714474217709,2568.95,2447.0,813.0,167.0,2280.0,IPL+T20I,0.2641362120899618
2021,"2018,2019,2020",Rasikh Salam,0.555478824787075,-0.0533588546137277,60.0,60.0,0.0,8.0,52.0,IPL only,0.1527566768164456
2021,"2018,2019,2020",Rassie van der Dussen,0.5990552492318154,0.1367326597112386,142.04999999999998,0.0,947.0,,,T20I only,0.16474019353874922
2021,"2018,2019,2020",Ravi Bishnoi,0.538091374482814,0.1315034130253518,954.0,954.0,0.0,36.0,918.0,IPL only,0.14797512798277385
2021,"2018,2019,2020",Ravichandran Ashwin,0.6004190537313085,0.1633549660603138,2111.0,2111.0,0.0,229.0,1882.0,IPL only,0.16511523977610984
2021,"2018,2019,2020",Ravindra Jadeja,0.5037009243393505,0.1287456353038017,2285.5,2203.0,550.0,655.0,1548.0,IPL+T20I,0.1385177541933214
2021,"2018,2019,2020",Reeza Hendricks,0.5969774598440442,0.1215562015802869,102.75,0.0,685.0,,,T20I only,0.16416880145711216
2021,"2018,2019,2020",Rinku Singh,0.5330430902533585,0.0201791923685313,132.0,132.0,0.0,132.0,0.0,IPL only,0.1465868498196736
2021,"2018,2019,2020",Rishabh Pant,0.9788433189861171,0.3042300676794854,1972.45,1897.0,503.0,1897.0,0.0,IPL+T20I,0.2691819127211822
2021,"2018,2019,2020",Riyan Parag,0.19981722899942275,-0.0627093436480604,687.0,687.0,0.0,483.0,204.0,IPL only,0.05494973797484126
2021,"2018,2019,2020",Robin Uthappa,0.5776203535328229,0.1523462487032794,1247.0,1247.0,0.0,1247.0,0.0,IPL only,0.1588455972215263
2021,"2018,2019,2020",Rohit Sharma,0.9530264240676208,0.297478499192835,1812.65,1625.0,1251.0,1625.0,0.0,IPL+T20I,0.26208226661859574
2021,"2018,2019,2020",Ross Taylor,0.5331697707510309,0.0321101763878128,145.5,0.0,970.0,,,T20I only,0.1466216869565335
2021,"2018,2019,2020",Rovman Powell,0.6118185928823079,0.1467596253663909,70.8,0.0,472.0,,,T20I only,0.16825011304263468
2021,"2018,2019,2020",Rubel Hossain,0.57015998840064,-0.0936209084443939,38.1,0.0,254.0,,,T20I only,0.156793996810176
2021,"2018,2019,2020",Ruturaj Gaikwad,0.7970666670765056,0.2865281021933862,507.0,507.0,0.0,507.0,0.0,IPL only,0.21919333344603903
2021,"2018,2019,2020",Sabbir Rahman,0.5871651205904133,-0.0384441035973729,31.35,0.0,209.0,,,T20I only,0.16147040816236366
2021,"2018,2019,2020",Safyaan Sharif,0.597702920693933,0.0230751890661583,30.0,0.0,200.0,,,T20I only,0.1643683031908316
2021,"2018,2019,2020",Sam Billings,0.5927438555372757,0.1258689616571144,139.85,86.0,359.0,86.0,0.0,IPL+T20I,0.16300456027275081
2021,"2018,2019,2020",Sam Curran,0.5929019955037792,0.1601148755316083,1760.2,1693.0,448.0,533.0,1160.0,IPL+T20I,0.16304804876353926
2021,"2018,2019,2020",Samiullah Shinwari,0.5407726515147471,-0.2665298771376387,36.6,0.0,244.0,,,T20I only,0.14871247916655544
2021,"2018,2019,2020",Sandeep Lamichhane,0.3926127441986369,-0.0141165341587921,358.1,350.0,54.0,2.0,348.0,IPL+T20I,0.10796850465462515
2021,"2018,2019,2020",Sandeep Sharma,0.536086349911743,0.1383122672787504,1767.0,1767.0,0.0,55.0,1712.0,IPL only,0.14742374622572932
2021,"2018,2019,2020",Sandeep Warrier,0.5681354951715691,0.1065846469882052,200.0,200.0,0.0,0.0,200.0,IPL only,0.1562372611721815
2021,"2018,2019,2020",Sanju Samson,1.403991699278284,0.486165190260862,1508.7,1488.0,138.0,1488.0,0.0,IPL+T20I,0.38609771730152803
2021,"2018,2019,2020",Saqib Mahmood,0.5408795084997196,-0.2152221704413852,41.7,0.0,278.0,,,T20I only,0.14874186483742288
2021,"2018,2019,2020",Sarfaraz Ahmed,0.6095542800889148,0.1300211495949373,52.05,0.0,347.0,,,T20I only,0.16762742702445158
2021,"2018,2019,2020",Sarfaraz Khan,0.4432406630374443,0.0406165937644496,418.0,418.0,0.0,414.0,4.0,IPL only,0.12189118233529718
2021,"2018,2019,2020",Saurabh Tiwary,0.3415675577141192,-0.1291724666175938,240.0,240.0,0.0,240.0,0.0,IPL only,0.09393107837138277
2021,"2018,2019,2020",Scott Kuggeleijn,0.3360180701171419,-0.1632744649863838,213.6,96.0,784.0,0.0,96.0,IPL+T20I,0.09240496928221403
2021,"2018,2019,2020",Sean Abbott,0.5624602596367619,-0.1855396532062373,32.4,0.0,216.0,,,T20I only,0.15467657140010954
2021,"2018,2019,2020",Sean Williams,0.5928138081266959,0.0855955820938346,66.89999999999999,0.0,446.0,,,T20I only,0.16302379723484137
2021,"2018,2019,2020",Seth Rance,0.5500846453822914,-0.2180190481736226,36.3,0.0,242.0,,,T20I only,0.15127327748013014
2021,"2018,2019,2020",Shadab Khan,0.4214569806687174,-0.0634093461892256,212.85,0.0,1419.0,,,T20I only,0.11590066968389728
2021,"2018,2019,2020",Shafiul Islam,0.5976432615421496,0.0717532518160626,45.9,0.0,306.0,,,T20I only,0.16435189692409116
2021,"2018,2019,2020",Shahbaz Ahmed,0.5695051137916284,0.0695249760905909,111.0,111.0,0.0,3.0,108.0,IPL only,0.1566139062926978
2021,"2018,2019,2020",Shahbaz Nadeem,0.1375346451644951,-0.1083530693721371,635.0,635.0,0.0,32.0,603.0,IPL only,0.03782202742023615
2021,"2018,2019,2020",Shaheen Shah Afridi,0.6015341458101107,0.1378635855808496,127.05,0.0,847.0,,,T20I only,0.1654218900977804
2021,"2018,2019,2020",Shai Hope,0.624215479084745,0.1976314509372262,33.3,0.0,222.0,,,T20I only,0.17165925674830487
2021,"2018,2019,2020",Shakib Al Hasan,0.39800135961744343,0.055317145496085,788.45,689.0,663.0,217.0,472.0,IPL+T20I,0.10945037389479695
2021,"2018,2019,2020",Shane Getkate,0.5268428979163607,-0.2748212032707207,42.6,0.0,284.0,,,T20I only,0.1448817969269992
2021,"2018,2019,2020",Shane Watson,1.082654275370996,0.3448305295069365,1892.0,1892.0,0.0,1724.0,168.0,IPL only,0.29772992572702395
2021,"2018,2019,2020",Shardul Thakur,0.3759932931739155,0.0706365490860321,1432.1,1310.0,814.0,82.0,1228.0,IPL+T20I,0.10339815562282675
2021,"2018,2019,2020",Shehan Jayasuriya,0.5120527007846571,-0.3926851406503923,38.85,0.0,259.0,,,T20I only,0.1408144927157807
2021,"2018,2019,2020",Sheldon Cottrell,0.3498049776506886,-0.0012148562296091,533.4,366.0,1116.0,6.0,360.0,IPL+T20I,0.09619636885393937
2021,"2018,2019,2020",Sherfane Rutherford,0.52108175532495,0.0551230329476122,215.35,190.0,169.0,108.0,82.0,IPL+T20I,0.14329748271436127
2021,"2018,2019,2020",Shikhar Dhawan,1.3049522250344894,0.4093312136069429,2613.6,2412.0,1344.0,2412.0,0.0,IPL+T20I,0.3588618618844846
2021,"2018,2019,2020",Shimron Hetmyer,0.5878933306806563,0.1518499582896473,623.9,521.0,686.0,521.0,0.0,IPL+T20I,0.1616706659371805
2021,"2018,2019,2020",Shivam Dube,0.3774364929641608,0.0307944396006406,638.9,563.0,506.0,381.0,182.0,IPL+T20I,0.10379503556514422
2021,"2018,2019,2020",Shivam Mavi,0.5120435794732163,0.11094423708031,694.0,694.0,0.0,57.0,637.0,IPL only,0.14081198435513448
2021,"2018,2019,2020",Shoaib Malik,0.6542004793324993,0.2560610310038589,87.14999999999999,0.0,581.0,,,T20I only,0.1799051318164373
2021,"2018,2019,2020",Shreevats Goswami,0.5733688861253551,-0.0139215385884402,52.0,52.0,0.0,52.0,0.0,IPL only,0.15767644368447264
2021,"2018,2019,2020",Shreyas Gopal,0.16738279748458593,0.0006311988486472,1918.0,1918.0,0.0,254.0,1664.0,IPL only,0.04603026930826113
2021,"2018,2019,2020",Shreyas Iyer,0.8269328240654812,0.2437413327015008,2441.9,2345.0,646.0,2345.0,0.0,IPL+T20I,0.2274065266180073
2021,"2018,2019,2020",Shubman Gill,0.7183979491910351,0.2084635689563245,1742.0,1742.0,0.0,1742.0,0.0,IPL only,0.19755943602753465
2021,"2018,2019,2020",Siddarth Kaul,0.29613937566526005,0.0062363775150457,828.3,816.0,82.0,16.0,800.0,IPL+T20I,0.08143832830794652
2021,"2018,2019,2020",Sikandar Raza,0.5478686460002402,-0.3013587139275839,30.6,0.0,204.0,,,T20I only,0.15066387765006606
2021,"2018,2019,2020",Simi Singh,0.4565499625767468,-0.1805963027991778,102.6,0.0,684.0,,,T20I only,0.12555123970860538
2021,"2018,2019,2020",Soumya Sarkar,0.5136268069549332,-0.0575209523550106,102.75,0.0,685.0,,,T20I only,0.14124737191260664
2021,"2018,2019,2020",Steven Smith,0.6930536397886246,0.2009385064874807,1364.05,1261.0,687.0,1261.0,0.0,IPL+T20I,0.19058975094187175
2021,"2018,2019,2020",Stuart Binny,0.6803121541559146,0.2410834535858917,216.0,216.0,0.0,119.0,97.0,IPL only,0.18708584239287654
2021,"2018,2019,2020",Stuart Thompson,0.5895162194689528,0.0241636173041658,42.15,0.0,281.0,,,T20I only,0.162116960353962
2021,"2018,2019,2020",Sunil Narine,0.6024873294708101,0.1641930059270544,2225.2,2197.0,188.0,615.0,1582.0,IPL+T20I,0.16568401560447277
2021,"2018,2019,2020",Suresh Raina,0.6408231022944675,0.1802382465917546,1012.45,976.0,243.0,964.0,12.0,IPL+T20I,0.17622635313097856
2021,"2018,2019,2020",Suryakumar Yadav,1.1903033338369644,0.3815738050058039,2025.0,2025.0,0.0,2025.0,0.0,IPL only,0.3273334168051652
2021,"2018,2019,2020",T Natarajan,0.6409121667412249,0.1797035176333895,1181.4,1149.0,216.0,15.0,1134.0,IPL+T20I,0.17625084585383685
2021,"2018,2019,2020",Tabraiz Shamsi,0.5764419698978669,0.1062206851495159,159.29999999999998,0.0,1062.0,,,T20I only,0.1585215417219134
2021,"2018,2019,2020",Tamim Iqbal,0.6467584805338021,0.231734377648189,96.6,0.0,644.0,,,T20I only,0.1778585821467956
2021,"2018,2019,2020",Temba Bavuma,0.6306739115184958,0.2018275453307263,74.25,0.0,495.0,,,T20I only,0.17343532566758635
2021,"2018,2019,2020",Tendai Chatara,0.6229425026980637,0.1875775901331738,38.1,0.0,254.0,,,T20I only,0.17130918824196753
2021,"2018,2019,2020",Tendai Chisoro,0.6003677197431887,0.0589524161841211,35.1,0.0,234.0,,,T20I only,0.1651011229293769
2021,"2018,2019,2020",Thisara Perera,0.5770711827857903,0.0726316510411691,95.4,0.0,636.0,,,T20I only,0.15869457526609235
2021,"2018,2019,2020",Tim Seifert,0.5898932632596274,0.1297791079622505,177.0,0.0,1180.0,,,T20I only,0.16222064739639755
2021,"2018,2019,2020",Tim Southee,0.15396264892042666,-0.1141601768360085,572.9,347.0,1506.0,64.0,283.0,IPL+T20I,0.04233972845311733
2021,"2018,2019,2020",Tom Banton,0.1743252759168947,-0.6710457905762719,119.25,60.0,395.0,60.0,0.0,IPL+T20I,0.047939450877146045
2021,"2018,2019,2020",Tom Curran,0.1953496526636395,-0.0503978839059413,784.6,607.0,1184.0,214.0,393.0,IPL+T20I,0.05372115448250086
2021,"2018,2019,2020",Trent Boult,0.40148575851745233,0.0849676599910684,1651.3,1591.0,402.0,13.0,1578.0,IPL+T20I,0.11040858359229938
2021,"2018,2019,2020",Tushar Deshpande,0.10335102366628166,-0.2596988557426801,345.0,345.0,0.0,36.0,309.0,IPL only,0.028421531508227457
2021,"2018,2019,2020",Umesh Yadav,0.2114607666014783,-0.020627768020337,997.6,973.0,164.0,67.0,906.0,IPL+T20I,0.05815171081540653
2021,"2018,2019,2020",Usman Ghani,0.5686897933444929,-0.0870754973756785,40.35,0.0,269.0,,,T20I only,0.15638969316973553
2021,"2018,2019,2020",Usman Shinwari,0.5392968673056054,-0.2564504517130049,38.25,0.0,255.0,,,T20I only,0.1483066385090415
2021,"2018,2019,2020",Varun Aaron,-0.04049795085717037,-0.3871501352943834,338.0,338.0,0.0,44.0,294.0,IPL only,-0.01113693648572185
2021,"2018,2019,2020",Varun Chakravarthy,0.5392242148172333,0.133049742353987,1017.0,1017.0,0.0,45.0,972.0,IPL only,0.14828665907473915
2021,"2018,2019,2020",Vijay Shankar,0.5627844952056333,0.1458968683333169,1235.85,1194.0,279.0,822.0,372.0,IPL+T20I,0.15476573618154918
2021,"2018,2019,2020",Virat Kohli,0.9585333753120238,0.2907376320362543,2403.05,2189.0,1427.0,2189.0,0.0,IPL+T20I,0.2635966782108065
2021,"2018,2019,2020",Wahab Riaz,0.6089086522546734,0.1260232107471952,50.25,0.0,335.0,,,T20I only,0.16744987937003517
2021,"2018,2019,2020",Wanindu Hasaranga de Silva,0.5868756023162115,0.1077601527111601,117.9,0.0,786.0,,,T20I only,0.16139079063695816
2021,"2018,2019,2020",Washington Sundar,0.7613765286323732,0.2261854584401971,1622.45,1460.0,1083.0,329.0,1131.0,IPL+T20I,0.20937854537390263
2021,"2018,2019,2020",Wriddhiman Saha,1.0472295593761352,0.4113690651441548,667.0,667.0,0.0,667.0,0.0,IPL only,0.28798812882843716
2021,"2018,2019,2020",Yashasvi Jaiswal,0.47118739670387394,-0.087037343117242,132.0,132.0,0.0,132.0,0.0,IPL only,0.12957653409356534
2021,"2018,2019,2020",Yusuf Pathan,0.3819851884343795,-0.0407007511541261,314.0,314.0,0.0,290.0,24.0,IPL only,0.10504592681945436
2021,"2018,2019,2020",Yuvraj Singh,0.5147114958538198,0.0555259051663451,235.0,235.0,0.0,223.0,12.0,IPL only,0.14154566135980046
2021,"2018,2019,2020",Yuzvendra Chahal,0.38224558594199426,0.0841783961727584,2183.2,1975.0,1388.0,45.0,1930.0,IPL+T20I,0.10511753613404842
2022,"2019,2020,2021",AB de Villiers,1.0925398211708548,0.3625070362461192,1492.0,1492.0,0.0,1492.0,0.0,IPL only,0.30044845082198507
2022,"2019,2020,2021",Aaron Finch,0.6092597264776406,0.1669403938253073,726.05,482.0,1627.0,482.0,0.0,IPL+T20I,0.16754642478135115
2022,"2019,2020,2021",Abdul Samad,0.5535821272475823,0.1296023332133247,493.0,493.0,0.0,391.0,102.0,IPL only,0.15223508499308513
2022,"2019,2020,2021",Abhishek Sharma,0.37200165727251444,0.0323274859508179,659.0,659.0,0.0,346.0,313.0,IPL only,0.10230045574994147
2022,"2019,2020,2021",Adam Milne,0.2428593443978491,-0.128648300491598,363.15,306.0,381.0,51.0,255.0,IPL+T20I,0.0667863197094085
2022,"2019,2020,2021",Adam Zampa,0.4112922225828029,0.0235612188748657,430.5,132.0,1990.0,0.0,132.0,IPL+T20I,0.1131053612102708
2022,"2019,2020,2021",Adil Rashid,0.36641534910335144,-0.0491803338748316,314.7,54.0,1738.0,0.0,54.0,IPL+T20I,0.10076422100342165
2022,"2019,2020,2021",Afif Hossain,0.5766884838370441,0.115659243586534,156.29999999999998,0.0,1042.0,,,T20I only,0.15858933305518713
2022,"2019,2020,2021",Aiden Markram,0.7926542168811034,0.271410454664573,652.5,429.0,1490.0,357.0,72.0,IPL+T20I,0.2179799096423034
2022,"2019,2020,2021",Ajaz Patel,0.653505089002154,0.31366453812125,60.3,0.0,402.0,,,T20I only,0.17971389947559233
2022,"2019,2020,2021",Ajinkya Rahane,0.5116456356210194,0.1040027000523925,524.0,524.0,0.0,524.0,0.0,IPL only,0.14070254979578034
2022,"2019,2020,2021",Akash Singh,0.469389533284294,-0.2509876139767479,72.0,72.0,0.0,0.0,72.0,IPL only,0.12908212165318086
2022,"2019,2020,2021",Akeal Hosein,0.5136357686871558,-0.0994605167439056,78.3,0.0,522.0,,,T20I only,0.14124983638896785
2022,"2019,2020,2021",Akila Dananjaya,0.3696912215837209,-0.3056572759867443,114.3,0.0,762.0,,,T20I only,0.10166508593552326
2022,"2019,2020,2021",Akshdeep Nath,0.5340531377514539,-0.1148420030030272,57.0,57.0,0.0,57.0,0.0,IPL only,0.14686461288164981
2022,"2019,2020,2021",Alex Carey,0.4913070641576351,-0.0922569254532783,101.8,58.0,292.0,58.0,0.0,IPL+T20I,0.13510944264334965
2022,"2019,2020,2021",Alzarri Joseph,0.5489866150507384,-0.034299184327421,65.0,65.0,0.0,13.0,52.0,IPL only,0.15097131913895306
2022,"2019,2020,2021",Ambati Rayudu,0.6206905517078868,0.1719683513065873,1377.0,1377.0,0.0,1377.0,0.0,IPL only,0.17068990171966886
2022,"2019,2020,2021",Amit Mishra,0.4478850668409501,0.0737880943911381,638.0,638.0,0.0,24.0,614.0,IPL only,0.12316839338126127
2022,"2019,2020,2021",Andile Phehlukwayo,0.5221693692673923,-0.0067302258857916,114.45,0.0,763.0,,,T20I only,0.1435965765485329
2022,"2019,2020,2021",Andre Fletcher,0.5937639168922128,0.1072170653381428,61.05,0.0,407.0,,,T20I only,0.1632850771453585
2022,"2019,2020,2021",Andre Russell,0.8256254278653364,0.2512670271863268,1701.5,1514.0,1250.0,771.0,743.0,IPL+T20I,0.22704699266296752
2022,"2019,2020,2021",Andrew Tye,0.26707306940743464,-0.183623873781342,257.95,196.0,413.0,14.0,182.0,IPL+T20I,0.07344509408704453
2022,"2019,2020,2021",Andy Balbirnie,0.6215689433761917,0.1805167325399054,201.3,0.0,1342.0,,,T20I only,0.17093145942845273
2022,"2019,2020,2021",Angelo Mathews,0.5278831500870325,-0.1882689811552117,48.3,0.0,322.0,,,T20I only,0.1451678662739339
2022,"2019,2020,2021",Ankit Rajpoot,0.058213534104899343,-0.3077493352864668,329.0,329.0,0.0,20.0,309.0,IPL only,0.016008721878847318
2022,"2019,2020,2021",Anmolpreet Singh,0.6290747139741107,0.253337839615139,42.0,42.0,0.0,42.0,0.0,IPL only,0.17299554634288045
2022,"2019,2020,2021",Anrich Nortje,0.8806712891470239,0.2782667308827673,1435.8,1290.0,972.0,12.0,1278.0,IPL+T20I,0.24218460451543156
2022,"2019,2020,2021",Arshdeep Singh,0.6705203093709865,0.1945384411371941,1119.0,1119.0,0.0,15.0,1104.0,IPL only,0.18439308507702126
2022,"2019,2020,2021",Asghar Afghan,0.631875228924579,0.224623068661212,76.95,0.0,513.0,,,T20I only,0.17376568795425923
2022,"2019,2020,2021",Ashen Bandara,0.5973146458182463,0.092642264787755,38.25,0.0,255.0,,,T20I only,0.16426152760001775
2022,"2019,2020,2021",Ashton Agar,0.526048671464704,0.0783266782214114,248.1,0.0,1654.0,,,T20I only,0.1446633846527936
2022,"2019,2020,2021",Ashton Turner,0.46407647375719147,-0.2979829415956643,66.69999999999999,10.0,378.0,10.0,0.0,IPL+T20I,0.12762103028322766
2022,"2019,2020,2021",Asif Ali,0.5747129257409185,-0.0577916293620286,32.85,0.0,219.0,,,T20I only,0.15804605457875257
2022,"2019,2020,2021",Avesh Khan,0.8947460652942628,0.2922944482329063,1179.0,1179.0,0.0,12.0,1167.0,IPL only,0.24605516795592228
2022,"2019,2020,2021",Avishka Fernando,0.4300110734517605,-0.2203649245984165,103.2,0.0,688.0,,,T20I only,0.11825304519923414
2022,"2019,2020,2021",Axar Patel,0.7726729714356102,0.2269018748227651,2151.45,2142.0,63.0,396.0,1746.0,IPL+T20I,0.21248506714479282
2022,"2019,2020,2021",Babar Azam,0.6522101708324315,0.1997670050682462,383.55,0.0,2557.0,,,T20I only,0.17935779697891865
2022,"2019,2020,2021",Barry McCarthy,0.4841110560076599,-0.2609438024269204,62.25,0.0,415.0,,,T20I only,0.13313054040210648
2022,"2019,2020,2021",Basil Thampi,0.3967682844969273,-0.2297789787873038,122.0,122.0,0.0,1.0,121.0,IPL only,0.109111278236655
2022,"2019,2020,2021",Ben McDermott,0.5935034157083707,0.0780884736648974,40.8,0.0,272.0,,,T20I only,0.16321343931980195
2022,"2019,2020,2021",Ben Stokes,0.5301605903299513,0.1288068026399333,922.25,812.0,735.0,508.0,304.0,IPL+T20I,0.1457941623407366
2022,"2019,2020,2021",Bernard Scholtz,0.5838510581498895,0.0004636227111065,33.3,0.0,222.0,,,T20I only,0.1605590409912196
2022,"2019,2020,2021",Beuran Hendricks,0.5754207771991432,0.0785842817509969,87.3,0.0,582.0,,,T20I only,0.1582407137297644
2022,"2019,2020,2021",Bhanuka Rajapaksa,0.6200405841773576,0.1921852008284932,75.45,0.0,503.0,,,T20I only,0.17051116064877334
2022,"2019,2020,2021",Bhuvneshwar Kumar,0.5564004657508691,0.1460703598563792,1529.65,1396.0,891.0,113.0,1283.0,IPL+T20I,0.153010128081489
2022,"2019,2020,2021",Binura Fernando,0.6051572976845868,0.1350076229348193,39.15,0.0,261.0,,,T20I only,0.16641825686326137
2022,"2019,2020,2021",Bjorn Fortuin,0.5972803108948112,0.1392083438149939,109.65,0.0,731.0,,,T20I only,0.16425208549607306
2022,"2019,2020,2021",Blair Tickner,0.5579750393499078,-0.0828068309078527,43.65,0.0,291.0,,,T20I only,0.15344313582122462
2022,"2019,2020,2021",Blessing Muzarabani,0.6116671308679701,0.168380010948419,136.5,0.0,910.0,,,T20I only,0.16820846098869177
2022,"2019,2020,2021",Brad Wheal,0.5168611017904332,-0.2797785680243682,43.2,0.0,288.0,,,T20I only,0.14213680299236914
2022,"2019,2020,2021",Carlos Brathwaite,0.5529156204922636,-0.0848054798697842,47.65,28.0,131.0,10.0,18.0,IPL+T20I,0.1520517956353725
2022,"2019,2020,2021",Chamika Karunaratne,0.5754204123788733,0.0946459472894361,109.35,0.0,729.0,,,T20I only,0.15824061340419016
2022,"2019,2020,2021",Charith Asalanka,0.652774722654093,0.2568680973490903,102.6,0.0,684.0,,,T20I only,0.17951304872987556
2022,"2019,2020,2021",Chetan Sakariya,0.6980145196507522,0.2080061544451964,1036.95,1023.0,93.0,75.0,948.0,IPL+T20I,0.19195399290395687
2022,"2019,2020,2021",Chris Gayle,0.8512627062846824,0.2682740808726513,1350.2,1211.0,928.0,1201.0,10.0,IPL+T20I,0.23409724422828765
2022,"2019,2020,2021",Chris Greaves,0.5320415035363404,-0.2735655876752687,36.45,0.0,243.0,,,T20I only,0.1463114134724936
2022,"2019,2020,2021",Chris Green,0.5630692437056446,-0.1196170376646215,34.0,34.0,0.0,0.0,34.0,IPL only,0.15484404201905225
2022,"2019,2020,2021",Chris Jordan,0.37535286614104457,0.0572446093381144,988.9,721.0,1786.0,125.0,596.0,IPL+T20I,0.10322203818878725
2022,"2019,2020,2021",Chris Lynn,0.8200341265964477,0.327114608224744,395.0,395.0,0.0,395.0,0.0,IPL only,0.22550938481402313
2022,"2019,2020,2021",Chris Morris,0.5271138032737304,0.1345964151007167,1568.85,1548.0,139.0,226.0,1322.0,IPL+T20I,0.14495629590027587
2022,"2019,2020,2021",Chris Woakes,1.0063993881588387,0.5222681524736384,309.6,234.0,504.0,33.0,201.0,IPL+T20I,0.27675983174368063
2022,"2019,2020,2021",Cole McConchie,0.5522236336068171,-0.0333689412004477,61.65,0.0,411.0,,,T20I only,0.1518614992418747
2022,"2019,2020,2021",Colin Ingram,0.570575046762184,0.1056950883734899,154.0,154.0,0.0,154.0,0.0,IPL only,0.1569081378596006
2022,"2019,2020,2021",Colin Munro,0.6373100812344011,0.2114887932674424,136.89999999999998,70.0,446.0,70.0,0.0,IPL+T20I,0.17526027233946032
2022,"2019,2020,2021",Colin de Grandhomme,0.46842894893478876,-0.0654008155860041,141.85,79.0,419.0,49.0,30.0,IPL+T20I,0.1288179609570669
2022,"2019,2020,2021",Craig Young,0.47485437075094866,-0.1766309237355365,85.64999999999999,0.0,571.0,,,T20I only,0.13058495195651088
2022,"2019,2020,2021",Curtis Campher,0.5523132222652078,-0.1360484809611327,39.6,0.0,264.0,,,T20I only,0.15188613612293214
2022,"2019,2020,2021",Dale Steyn,0.35153677947117573,-0.1295496503883877,221.25,192.0,195.0,4.0,188.0,IPL+T20I,0.09667261435457333
2022,"2019,2020,2021",Dan Christian,0.17557565601669317,-0.1464589903127038,430.95,372.0,393.0,72.0,300.0,IPL+T20I,0.048283305404590623
2022,"2019,2020,2021",Daniel Sams,0.383554233986683,-0.0327970534550012,317.4,276.0,276.0,22.0,254.0,IPL+T20I,0.10547741434633781
2022,"2019,2020,2021",Danushka Gunathilaka,0.5757630598408758,0.063457195406477,72.6,0.0,484.0,,,T20I only,0.15833484145624085
2022,"2019,2020,2021",Daryl Mitchell,0.6328483041997917,0.2133694221285967,104.25,0.0,695.0,,,T20I only,0.1740332836549427
2022,"2019,2020,2021",Dasun Shanaka,0.49385047873743143,0.0168782309145999,190.5,0.0,1270.0,,,T20I only,0.13580888165279364
2022,"2019,2020,2021",David Miller,0.47739277758822574,0.0919075523183539,655.85,503.0,1019.0,503.0,0.0,IPL+T20I,0.13128301383676208
2022,"2019,2020,2021",David Warner,0.9775089365483141,0.3040090246752151,2001.7,1840.0,1078.0,1838.0,2.0,IPL+T20I,0.2688149575507864
2022,"2019,2020,2021",David Wiese,0.6017775959724961,0.1306681185614005,54.0,0.0,360.0,,,T20I only,0.16548883889243646
2022,"2019,2020,2021",David Willey,0.6253874506430845,0.2209177863228503,54.45,0.0,363.0,,,T20I only,0.17198154892684825
2022,"2019,2020,2021",Dawid Malan,0.5866493644834484,0.1467926229747813,329.7,78.0,1678.0,78.0,0.0,IPL+T20I,0.1613285752329483
2022,"2019,2020,2021",Deepak Chahar,0.5274209804992972,0.137260818939989,2081.5,2023.0,390.0,36.0,1987.0,IPL+T20I,0.14504076963730672
2022,"2019,2020,2021",Deepak Hooda,0.5986248170482421,0.1618145686602814,886.0,886.0,0.0,574.0,312.0,IPL only,0.16462182468826658
2022,"2019,2020,2021",Devdutt Padikkal,0.7718982678098193,0.2298195823031541,1759.1,1742.0,114.0,1742.0,0.0,IPL+T20I,0.2122720236477003
2022,"2019,2020,2021",Devon Conway,0.6480789952988802,0.2179208514094386,177.15,0.0,1181.0,,,T20I only,0.17822172370719205
2022,"2019,2020,2021",Dhananjaya de Silva,0.5414523215116824,-0.0111591433942824,84.3,0.0,562.0,,,T20I only,0.14889938841571268
2022,"2019,2020,2021",Dhawal Kulkarni,0.38536010062875165,-0.027586361135519,326.0,326.0,0.0,7.0,319.0,IPL only,0.1059740276729067
2022,"2019,2020,2021",Dinesh Chandimal,0.5911609950048551,0.1015900260094452,64.35,0.0,429.0,,,T20I only,0.16256927362633514
2022,"2019,2020,2021",Dinesh Karthik,0.5455267376374061,0.136715195053615,955.2,951.0,28.0,951.0,0.0,IPL+T20I,0.15001985285028668
2022,"2019,2020,2021",Donald Tiripano,0.5059700215966723,-0.2640978663867497,50.4,0.0,336.0,,,T20I only,0.13914175593908487
2022,"2019,2020,2021",Dushmantha Chameera,0.5159911740870069,0.0421999841973272,184.5,0.0,1230.0,,,T20I only,0.1418975728739269
2022,"2019,2020,2021",Dwaine Pretorius,0.6052621511963678,0.1578596438169803,140.85,0.0,939.0,,,T20I only,0.16644709157900117
2022,"2019,2020,2021",Dwayne Bravo,0.7912265890201967,0.2409666842228106,1479.45,1239.0,1603.0,132.0,1107.0,IPL+T20I,0.21758731198055412
2022,"2019,2020,2021",Eoin Morgan,0.4464228222133117,0.0951189656393914,1149.7,1021.0,858.0,1021.0,0.0,IPL+T20I,0.12276627610866073
2022,"2019,2020,2021",Evin Lewis,1.0169749221282691,0.4319067974058345,512.65,331.0,1211.0,331.0,0.0,IPL+T20I,0.279668103585274
2022,"2019,2020,2021",Fabian Allen,0.21466356246212148,-0.1274676310238151,409.65,234.0,1171.0,36.0,198.0,IPL+T20I,0.05903247967708341
2022,"2019,2020,2021",Faf du Plessis,0.9658993937110807,0.294253236593444,2382.5,2333.0,330.0,2333.0,0.0,IPL+T20I,0.2656223332705472
2022,"2019,2020,2021",Faheem Ashraf,0.5449363989929197,0.0464939521539722,124.05,0.0,827.0,,,T20I only,0.1498575097230529
2022,"2019,2020,2021",Fakhar Zaman,0.5505781643030083,0.0589250748188485,126.9,0.0,846.0,,,T20I only,0.1514089951833273
2022,"2019,2020,2021",Fidel Edwards,0.5499123100504071,-0.1292560636221451,42.3,0.0,282.0,,,T20I only,0.15122588526386196
2022,"2019,2020,2021",Finn Allen,0.6776330399304764,0.5311147787731639,36.9,0.0,246.0,,,T20I only,0.186349085980881
2022,"2019,2020,2021",Gareth Delany,0.6175750396026398,0.1799216973937829,115.05,0.0,767.0,,,T20I only,0.16983313589072596
2022,"2019,2020,2021",George Dockrell,0.5316085386775704,-0.0480988441256523,79.2,0.0,528.0,,,T20I only,0.14619234813633186
2022,"2019,2020,2021",George Garton,0.40079936665300053,-0.0306434659825042,288.0,288.0,0.0,12.0,276.0,IPL only,0.11021982582957515
2022,"2019,2020,2021",George Linde,0.6621064814533761,0.2456313004029004,153.15,0.0,1021.0,,,T20I only,0.18207928239967844
2022,"2019,2020,2021",Glenn Maxwell,0.8001246964035669,0.2383360298195794,1983.5,1820.0,1090.0,1280.0,540.0,IPL+T20I,0.2200342915109809
2022,"2019,2020,2021",Glenn Phillips,0.5037883256272615,0.0630980599990931,274.95,135.0,933.0,99.0,36.0,IPL+T20I,0.1385417895474969
2022,"2019,2020,2021",Gulbadin Naib,0.5159836696599485,-0.0864800304219299,80.55,0.0,537.0,,,T20I only,0.14189550915648583
2022,"2019,2020,2021",Gurkeerat Singh Mann,0.3824969636213239,-0.0865169898975125,230.0,230.0,0.0,230.0,0.0,IPL only,0.10518666499586408
2022,"2019,2020,2021",Haider Ali,0.5775304138184649,0.0639237411547598,69.0,0.0,460.0,,,T20I only,0.15882086380007787
2022,"2019,2020,2021",Hamish Bennett,0.5924759866796636,0.1162276051569302,78.6,0.0,524.0,,,T20I only,0.1629308963369075
2022,"2019,2020,2021",Harbhajan Singh,0.5590834334685918,0.1289956275865159,408.0,408.0,0.0,15.0,393.0,IPL only,0.15374794420386276
2022,"2019,2020,2021",Hardik Pandya,0.7617374713966061,0.232290726969069,1267.35,1116.0,1009.0,860.0,256.0,IPL+T20I,0.20947780463406668
2022,"2019,2020,2021",Hardus Viljoen,0.532070773722489,0.0408099304909099,145.0,145.0,0.0,7.0,138.0,IPL only,0.1463194627736845
2022,"2019,2020,2021",Haris Rauf,0.509683487139786,0.0220754260024495,166.04999999999998,0.0,1107.0,,,T20I only,0.14016295896344114
2022,"2019,2020,2021",Harpreet Brar,0.7665862783185069,0.2548309204221485,678.0,678.0,0.0,186.0,492.0,IPL only,0.21081122653758938
2022,"2019,2020,2021",Harry Gurney,0.6366803658070138,0.2038874833068616,168.0,168.0,0.0,5.0,163.0,IPL only,0.1750871005969288
2022,"2019,2020,2021",Harry Tector,0.6046947139959901,0.1505350884235287,83.7,0.0,558.0,,,T20I only,0.16629104634889727
2022,"2019,2020,2021",Harshal Patel,0.61866266215427,0.1710744991777857,1454.0,1454.0,0.0,188.0,1266.0,IPL only,0.17013223209242426
2022,"2019,2020,2021",Hasan Ali,0.5048114125306727,-0.0025343380619905,145.35,0.0,969.0,,,T20I only,0.138823138445935
2022,"2019,2020,2021",Hayden Walsh,0.5461048132946957,0.0385003700802209,112.8,0.0,752.0,,,T20I only,0.15017882365604132
2022,"2019,2020,2021",Hazratullah Zazai,0.6032724810639606,0.146490383020571,82.05,0.0,547.0,,,T20I only,0.16589993229258915
2022,"2019,2020,2021",Heinrich Klaasen,0.5809590970124142,0.0998057074045673,98.2,10.0,588.0,10.0,0.0,IPL+T20I,0.1597637516784139
2022,"2019,2020,2021",Henry Nicholls,0.5920462140536189,0.0658202045427863,38.7,0.0,258.0,,,T20I only,0.16281270886474522
2022,"2019,2020,2021",Iftikhar Ahmed,0.5504864688281865,-0.0797639275256518,50.85,0.0,339.0,,,T20I only,0.1513837789277513
2022,"2019,2020,2021",Imad Wasim,0.6138816661912613,0.1714729918266673,169.35,0.0,1129.0,,,T20I only,0.16881745820259686
2022,"2019,2020,2021",Imran Tahir,0.8976895028308427,0.3366124310745807,613.75,610.0,25.0,20.0,590.0,IPL+T20I,0.24686461327848172
2022,"2019,2020,2021",Ish Sodhi,0.4609086477216191,0.0180225011599291,266.7,54.0,1418.0,11.0,43.0,IPL+T20I,0.12674987812344526
2022,"2019,2020,2021",Ishan Kishan,1.1922822013669272,0.4091009988735997,1376.35,1348.0,189.0,1348.0,0.0,IPL+T20I,0.327877605375905
2022,"2019,2020,2021",Ishan Porel,0.47392268138507865,-0.2376211231184621,72.0,72.0,0.0,0.0,72.0,IPL only,0.13032873738089662
2022,"2019,2020,2021",Ishant Sharma,0.6476135147057498,0.1911692258816996,531.0,531.0,0.0,3.0,528.0,IPL only,0.1780937165440812
2022,"2019,2020,2021",Isuru Udana,0.16763943479515223,-0.1332316106769043,476.5,370.0,710.0,22.0,348.0,IPL+T20I,0.04610084456866686
2022,"2019,2020,2021",JJ Smit,0.562524472907765,-0.0502253158317262,46.05,0.0,307.0,,,T20I only,0.15469423004963537
2022,"2019,2020,2021",JJ Smuts,0.549660121880792,-0.1345253048647723,41.7,0.0,278.0,,,T20I only,0.1511565335172178
2022,"2019,2020,2021",Jacob Duffy,0.6244871860599266,0.2455495967280917,33.75,0.0,225.0,,,T20I only,0.1717339761664798
2022,"2019,2020,2021",Jagadeesha Suchith,0.38547539088682475,-0.1318002422431052,183.0,183.0,0.0,33.0,150.0,IPL only,0.1060057324938768
2022,"2019,2020,2021",Jalaj Saxena,0.5371612027575834,-0.117446865385121,54.0,54.0,0.0,0.0,54.0,IPL only,0.14771933075833543
2022,"2019,2020,2021",James Neesham,0.3035804438017303,-0.03431621390236,503.25,384.0,795.0,42.0,342.0,IPL+T20I,0.08348462204547584
2022,"2019,2020,2021",James Pattinson,0.31685715880346205,-0.0383676066673555,452.0,452.0,0.0,26.0,426.0,IPL only,0.08713571867095207
2022,"2019,2020,2021",Jan Frylinck,0.5644875679598736,-0.0761490424459208,39.15,0.0,261.0,,,T20I only,0.15523408118896526
2022,"2019,2020,2021",Jan Nicol Loftie-Eaton,0.5690533992855497,-0.0765509636327456,35.1,0.0,234.0,,,T20I only,0.15648968480352618
2022,"2019,2020,2021",Janneman Malan,0.5130450077763502,-0.1200881342338735,72.6,0.0,484.0,,,T20I only,0.1410873771384963
2022,"2019,2020,2021",Jason Behrendorff,0.5225900583362597,0.02148585709992,140.1,114.0,174.0,0.0,114.0,IPL+T20I,0.14371226604247142
2022,"2019,2020,2021",Jason Holder,0.6228628028129665,0.1728340657743926,1408.45,1231.0,1183.0,322.0,909.0,IPL+T20I,0.17128727077356576
2022,"2019,2020,2021",Jason Roy,0.7453493856566069,0.2540044917091274,525.3,363.0,1082.0,363.0,0.0,IPL+T20I,0.20497108105556688
2022,"2019,2020,2021",Jasprit Bumrah,1.1401390950477575,0.3589095757353205,2242.7,2159.0,558.0,58.0,2101.0,IPL+T20I,0.3135382511381333
2022,"2019,2020,2021",Jayant Yadav,0.6609977442113752,0.2004036548794751,511.0,511.0,0.0,78.0,433.0,IPL only,0.18177437965812818
2022,"2019,2020,2021",Jaydev Unadkat,0.29486092760140215,0.0208478444586548,1012.0,1012.0,0.0,116.0,896.0,IPL only,0.08108675509038558
2022,"2019,2020,2021",Jhye Richardson,0.17669387086468094,-0.2034686133385614,332.1,270.0,414.0,72.0,198.0,IPL+T20I,0.04859081448778726
2022,"2019,2020,2021",Jofra Archer,1.162011520359407,0.4077468522824444,1201.5,1098.0,690.0,166.0,932.0,IPL+T20I,0.31955316809883694
2022,"2019,2020,2021",Jonny Bairstow,1.0016873846337682,0.3245104408441109,1531.25,1352.0,1195.0,1352.0,0.0,IPL+T20I,0.2754640307742863
2022,"2019,2020,2021",Jos Buttler,1.1637387801447083,0.3959628782986082,1399.85,1157.0,1619.0,1157.0,0.0,IPL+T20I,0.3200281645397948
2022,"2019,2020,2021",Josh Hazlewood,0.4358852747805437,0.0831054686910609,919.8,750.0,1132.0,0.0,750.0,IPL+T20I,0.11986845056464951
2022,"2019,2020,2021",Josh Little,0.5277926610009692,-0.0279371994367024,93.15,0.0,621.0,,,T20I only,0.14514298177526652
2022,"2019,2020,2021",Josh Philippe,0.4568860093614752,-0.0156565340439971,210.7,154.0,378.0,154.0,0.0,IPL+T20I,0.12564365257440568
2022,"2019,2020,2021",KL Rahul,1.1419076258903704,0.3478117738287623,3021.7,2827.0,1298.0,2827.0,0.0,IPL+T20I,0.31402459711985187
2022,"2019,2020,2021",KM Asif,0.6223539665897964,0.2206862085730112,42.0,42.0,0.0,0.0,42.0,IPL only,0.171147340812194
2022,"2019,2020,2021",Kagiso Rabada,0.5148044718277388,0.1339332069501994,2438.15,2222.0,1441.0,131.0,2091.0,IPL+T20I,0.14157122975262817
2022,"2019,2020,2021",Kamlesh Nagarkoti,0.08883445298623126,-0.2174500300507382,416.0,416.0,0.0,68.0,348.0,IPL only,0.024429474571213597
2022,"2019,2020,2021",Kane Richardson,0.5332115307130931,0.046104594544027,150.0,54.0,640.0,0.0,54.0,IPL+T20I,0.1466331709461006
2022,"2019,2020,2021",Kane Williamson,0.5429667192247647,0.1405049202877686,1498.3,1333.0,1102.0,1309.0,24.0,IPL+T20I,0.1493158477868103
2022,"2019,2020,2021",Karim Janat,0.5675966140884853,0.0812866116634752,113.1,0.0,754.0,,,T20I only,0.15608906887433344
2022,"2019,2020,2021",Karn Sharma,0.38456327961915276,-0.0725882605369557,245.0,245.0,0.0,0.0,245.0,IPL only,0.10575490189526701
2022,"2019,2020,2021",Kartik Tyagi,0.18878474502725587,-0.0582079335543581,739.0,739.0,0.0,24.0,715.0,IPL only,0.051915804882495364
2022,"2019,2020,2021",Karun Nair,0.396715305044187,-1.10722122939448,34.0,34.0,0.0,34.0,0.0,IPL only,0.10909670888715142
2022,"2019,2020,2021",Kedar Jadhav,0.12841889923324673,-0.1681899843742739,457.0,457.0,0.0,457.0,0.0,IPL only,0.035315197289142855
2022,"2019,2020,2021",Keemo Paul,0.4451042024655841,-0.0161175166002028,231.3,192.0,262.0,24.0,168.0,IPL+T20I,0.12240365567803561
2022,"2019,2020,2021",Keshav Maharaj,0.5911442718136342,0.113535538688114,80.1,0.0,534.0,,,T20I only,0.1625646747487494
2022,"2019,2020,2021",Kesrick Williams,0.565225008896807,-0.1185014300786043,32.55,0.0,217.0,,,T20I only,0.15543687744662193
2022,"2019,2020,2021",Kevin O'Brien,0.6122112578167556,0.1689288418677394,224.55,0.0,1497.0,,,T20I only,0.16835809589960776
2022,"2019,2020,2021",Kevin Sinclair,0.5537540884332393,-0.0590157092360903,52.65,0.0,351.0,,,T20I only,0.1522823743191408
2022,"2019,2020,2021",Khaleel Ahmed,0.4811083436090871,0.1082365941782577,1043.25,1017.0,175.0,11.0,1006.0,IPL+T20I,0.13230479449249896
2022,"2019,2020,2021",Khushdil Shah,0.5566429021679761,-0.1031352614249231,41.25,0.0,275.0,,,T20I only,0.15307679809619343
2022,"2019,2020,2021",Kieron Pollard,0.7603265266315263,0.226388870840816,1655.6,1445.0,1404.0,953.0,492.0,IPL+T20I,0.20908979482366974
2022,"2019,2020,2021",Krishnappa Gowtham,0.33032159313926507,-0.0964819751852244,289.0,289.0,0.0,73.0,216.0,IPL only,0.09083843811329789
2022,"2019,2020,2021",Krunal Pandya,0.3462048746653801,0.0724107553366142,2240.7,2184.0,378.0,703.0,1481.0,IPL+T20I,0.09520634053297952
2022,"2019,2020,2021",Kuldeep Yadav,0.3707673443763292,-0.0040540588192407,437.2,394.0,288.0,50.0,344.0,IPL+T20I,0.10196101970349053
2022,"2019,2020,2021",Kuldip Yadav,0.5109481500139649,-0.2629264930147688,48.0,48.0,0.0,12.0,36.0,IPL only,0.14051074125384033
2022,"2019,2020,2021",Kulwant Khejroliya,0.6080453610224257,0.1447533367556831,30.0,30.0,0.0,0.0,30.0,IPL only,0.16721247428116706
2022,"2019,2020,2021",Kusal Mendis,0.5516455372320406,-0.0848254814748025,48.75,0.0,325.0,,,T20I only,0.15170252273881116
2022,"2019,2020,2021",Kusal Perera,0.5229382081623425,0.0241104560072369,142.5,0.0,950.0,,,T20I only,0.14380800724464418
2022,"2019,2020,2021",Kyle Jamieson,0.29059071278368565,-0.0018445923750144,755.7,678.0,518.0,165.0,513.0,IPL+T20I,0.07991244601551356
2022,"2019,2020,2021",Lahiru Kumara,0.4963276735556299,-0.1304103586425112,83.1,0.0,554.0,,,T20I only,0.13649011022779822
2022,"2019,2020,2021",Lakshan Sandakan,0.5138697086511771,-0.0669093872331067,90.3,0.0,602.0,,,T20I only,0.1413141698790737
2022,"2019,2020,2021",Lalit Yadav,0.3251034040023321,-0.0276668417170498,471.0,471.0,0.0,219.0,252.0,IPL only,0.08940343610064133
2022,"2019,2020,2021",Lasith Malinga,0.3529037797235079,-0.0479173319570404,343.45,271.0,483.0,0.0,271.0,IPL+T20I,0.09704853942396467
2022,"2019,2020,2021",Lendl Simmons,0.5756108371307209,0.1205547370308188,183.3,0.0,1222.0,,,T20I only,0.15829298021094823
2022,"2019,2020,2021",Lewis Gregory,0.5562997485382344,-0.166381068520495,33.3,0.0,222.0,,,T20I only,0.15298243084801444
2022,"2019,2020,2021",Liam Livingstone,0.6632272613962709,0.2150759861108536,304.35,177.0,849.0,171.0,6.0,IPL+T20I,0.1823874968839745
2022,"2019,2020,2021",Litton Das,0.5355206753793835,0.0453192054990961,143.54999999999998,0.0,957.0,,,T20I only,0.14726818572933048
2022,"2019,2020,2021",Lizaad Williams,0.5872758598630499,0.0922874822187182,67.5,0.0,450.0,,,T20I only,0.1615008614623387
2022,"2019,2020,2021",Lockie Ferguson,0.8059164167984447,0.2578797072957851,1032.1,979.0,354.0,91.0,888.0,IPL+T20I,0.22162701461957232
2022,"2019,2020,2021",Lorcan Tucker,0.5698671699730913,-0.1016786668326468,31.05,0.0,207.0,,,T20I only,0.15671347174260009
2022,"2019,2020,2021",Luke Jongwe,0.5848244665509833,0.1129997054143314,107.55,0.0,717.0,,,T20I only,0.16082672830152042
2022,"2019,2020,2021",Lukman Meriwala,0.4510804465546055,-0.4178742835276573,57.0,57.0,0.0,0.0,57.0,IPL only,0.12404712280251651
2022,"2019,2020,2021",Lungi Ngidi,0.28316971314736705,-0.038263431478105,544.3,412.0,882.0,0.0,412.0,IPL+T20I,0.07787167111552594
2022,"2019,2020,2021",Lutho Sipamla,0.5222244574950097,-0.2134868838418755,48.15,0.0,321.0,,,T20I only,0.14361172581112766
2022,"2019,2020,2021",M Shahrukh Khan,0.6162212012354134,0.1720926289222989,342.0,342.0,0.0,342.0,0.0,IPL only,0.1694608303397387
2022,"2019,2020,2021",MS Dhoni,0.3539373416739009,0.0472827408513648,990.8,974.0,112.0,974.0,0.0,IPL+T20I,0.09733276896032275
2022,"2019,2020,2021",Mahedi Hasan,0.42150729713363105,-0.0437988808645775,229.05,0.0,1527.0,,,T20I only,0.11591450671174855
2022,"2019,2020,2021",Maheesh Theekshana,0.5884660812812662,0.1122158275624236,89.55,0.0,597.0,,,T20I only,0.1618281723523482
2022,"2019,2020,2021",Mahipal Lomror,0.590300323596612,0.1533639621683804,456.0,456.0,0.0,330.0,126.0,IPL only,0.1623325889890683
2022,"2019,2020,2021",Mahmudullah,0.48147118353549034,0.0387822038439197,267.45,0.0,1783.0,,,T20I only,0.13240457547225984
2022,"2019,2020,2021",Manan Vohra,0.3154177362975986,-0.4004788565804999,117.0,117.0,0.0,117.0,0.0,IPL only,0.08673987748183963
2022,"2019,2020,2021",Mandeep Singh,0.4820774451404151,0.068993241461952,392.0,392.0,0.0,380.0,12.0,IPL only,0.13257129741361415
2022,"2019,2020,2021",Manish Pandey,0.7375677136412196,0.2173733096899838,1668.2,1637.0,208.0,1637.0,0.0,IPL+T20I,0.2028311212513354
2022,"2019,2020,2021",Marco Jansen,0.43651089531594095,-0.1607441602403065,120.0,120.0,0.0,9.0,111.0,IPL only,0.12004049621188376
2022,"2019,2020,2021",Marcus Stoinis,0.44554278108849854,0.1027602045816017,1616.85,1506.0,739.0,846.0,660.0,IPL+T20I,0.1225242647993371
2022,"2019,2020,2021",Mark Adair,0.5101982728651714,-0.0722155032413366,91.8,0.0,612.0,,,T20I only,0.14030452503792215
2022,"2019,2020,2021",Mark Watt,0.6081160854966926,0.1554011051519463,55.8,0.0,372.0,,,T20I only,0.16723192351159047
2022,"2019,2020,2021",Mark Wood,0.5495152754195092,0.0591935629087564,129.9,0.0,866.0,,,T20I only,0.151116700740365
2022,"2019,2020,2021",Martin Guptill,0.7717844006269067,0.3235578916884515,277.1,53.0,1494.0,53.0,0.0,IPL+T20I,0.21224071017239934
2022,"2019,2020,2021",Matthew Wade,0.7096464790949731,0.3286589047854116,141.45,0.0,943.0,,,T20I only,0.1951527817511176
2022,"2019,2020,2021",Mayank Agarwal,1.3392100201283144,0.4498167617937958,1718.0,1718.0,0.0,1718.0,0.0,IPL only,0.36828275553528644
2022,"2019,2020,2021",Mayank Markande,0.4345931220609317,-0.2259567710057805,98.6,95.0,24.0,5.0,90.0,IPL+T20I,0.1195131085667562
2022,"2019,2020,2021",Mitchell Marsh,0.6860876231473605,0.235667256127389,305.35,10.0,1969.0,2.0,8.0,IPL+T20I,0.18867409636552415
2022,"2019,2020,2021",Mitchell McClenaghan,0.5984035512453316,0.1443223965296254,125.0,125.0,0.0,16.0,109.0,IPL only,0.1645609765924662
2022,"2019,2020,2021",Mitchell Santner,0.5678130803257202,0.1350098948676514,398.25,192.0,1375.0,23.0,169.0,IPL+T20I,0.15614859708957307
2022,"2019,2020,2021",Mitchell Starc,0.4435622209880979,-0.0225100164953536,223.8,0.0,1492.0,,,T20I only,0.12197961077172693
2022,"2019,2020,2021",Mitchell Swepson,0.6281262192701556,0.2370205327952337,49.65,0.0,331.0,,,T20I only,0.17273471029929277
2022,"2019,2020,2021",Moeen Ali,0.8523988365179102,0.2606152868855036,1769.25,1614.0,1035.0,945.0,669.0,IPL+T20I,0.23440968004242532
2022,"2019,2020,2021",Mohammad Amir,0.604356862834175,0.1216309866512892,31.05,0.0,207.0,,,T20I only,0.16619813727939814
2022,"2019,2020,2021",Mohammad Hafeez,0.6572033246907315,0.2268681000137535,190.5,0.0,1270.0,,,T20I only,0.18073091428995117
2022,"2019,2020,2021",Mohammad Hasnain,0.5519277763263732,-0.0221048490822869,66.0,0.0,440.0,,,T20I only,0.15178013848975264
2022,"2019,2020,2021",Mohammad Nabi,0.5223655879616635,0.1179435429189256,667.8,519.0,992.0,152.0,367.0,IPL+T20I,0.1436505366894575
2022,"2019,2020,2021",Mohammad Naim,0.5177108623236614,0.075283522885426,269.25,0.0,1795.0,,,T20I only,0.14237048713900688
2022,"2019,2020,2021",Mohammad Nawaz,0.5331142192779057,-0.0211493553828498,90.0,0.0,600.0,,,T20I only,0.14660641030142404
2022,"2019,2020,2021",Mohammad Rizwan,0.657734561086901,0.2040860799622936,383.1,0.0,2554.0,,,T20I only,0.18087700429889778
2022,"2019,2020,2021",Mohammad Saifuddin,0.5258838985002268,-0.0019584226794405,112.5,0.0,750.0,,,T20I only,0.14461807208756236
2022,"2019,2020,2021",Mohammad Shahzad,0.6041831932561803,0.1224083589859818,32.4,0.0,216.0,,,T20I only,0.16615037814544958
2022,"2019,2020,2021",Mohammed Shami,0.5033391856764565,0.1282088836434965,2040.25,1984.0,375.0,59.0,1925.0,IPL+T20I,0.13841827606102555
2022,"2019,2020,2021",Mohammed Siraj,0.5446259566600359,0.1414878876213655,1555.0,1555.0,0.0,120.0,1435.0,IPL only,0.14977213808150988
2022,"2019,2020,2021",Mohit Sharma,0.5719492145052342,0.048396286412884,70.0,70.0,0.0,2.0,68.0,IPL only,0.1572860339889394
2022,"2019,2020,2021",Moises Henriques,0.6957446255075257,0.2369806220008172,355.05,276.0,527.0,96.0,180.0,IPL+T20I,0.19132977201456958
2022,"2019,2020,2021",Mujeeb Ur Rahman,0.22258569064911343,-0.1449135343079071,363.25,295.0,455.0,13.0,282.0,IPL+T20I,0.0612110649285062
2022,"2019,2020,2021",Murali Vijay,0.41063828888905246,-0.1501672291367274,147.0,147.0,0.0,147.0,0.0,IPL only,0.11292552944448943
2022,"2019,2020,2021",Murugan Ashwin,0.2784194149091848,0.002771589097076,869.0,869.0,0.0,85.0,784.0,IPL only,0.07656533910002582
2022,"2019,2020,2021",Mushfiqur Rahim,0.4847382477092485,-0.0905428639391143,109.05,0.0,727.0,,,T20I only,0.13330301812004333
2022,"2019,2020,2021",Mustafizur Rahman,0.5569400823432301,0.1440148724430055,1149.6,981.0,1124.0,42.0,939.0,IPL+T20I,0.15315852264438828
2022,"2019,2020,2021",Najibullah Zadran,0.6778646085724587,0.2979586915829991,114.45,0.0,763.0,,,T20I only,0.18641276735742612
2022,"2019,2020,2021",Narayan Jagadeesan,0.6304485774205095,0.2361120662193747,58.0,58.0,0.0,58.0,0.0,IPL only,0.17337335879064011
2022,"2019,2020,2021",Nasum Ahmed,0.5884094094164684,0.1315462280250618,147.15,0.0,981.0,,,T20I only,0.1618125875895288
2022,"2019,2020,2021",Nathan Coulter-Nile,0.9043801805161007,0.3261900185447014,727.5,720.0,50.0,45.0,675.0,IPL+T20I,0.24870454964192767
2022,"2019,2020,2021",Nathan Ellis,0.480040270298743,0.0385124442672479,270.75,246.0,165.0,48.0,198.0,IPL+T20I,0.13201107433215434
2022,"2019,2020,2021",Navdeep Saini,0.3238831536915067,0.0356815100350208,1037.25,990.0,315.0,70.0,920.0,IPL+T20I,0.08906786726516436
2022,"2019,2020,2021",Naveen-ul-Haq,0.548181657119171,-0.1115626706823579,46.5,0.0,310.0,,,T20I only,0.15074995570777203
2022,"2019,2020,2021",Nicholas Pooran,1.0151288868058577,0.363587529926323,920.2,751.0,1128.0,751.0,0.0,IPL+T20I,0.2791604438716108
2022,"2019,2020,2021",Niroshan Dickwella,0.6165421751434131,0.191360041305608,44.1,0.0,294.0,,,T20I only,0.1695490981644386
2022,"2019,2020,2021",Nitish Rana,0.7865527054864885,0.2349646479065588,1805.15,1793.0,81.0,1685.0,108.0,IPL+T20I,0.21630199400878436
2022,"2019,2020,2021",Nurul Hasan,0.5774822070289282,0.0275327066424091,49.95,0.0,333.0,,,T20I only,0.15880760693295526
2022,"2019,2020,2021",Obed McCoy,0.623907430474079,0.191732732653381,118.05,0.0,787.0,,,T20I only,0.17157454338037173
2022,"2019,2020,2021",Oshane Thomas,0.5892554011671499,0.123717040609889,111.95,62.0,333.0,0.0,62.0,IPL+T20I,0.16204523532096624
2022,"2019,2020,2021",Parthiv Patel,0.7154286591197462,0.2713604587130409,268.0,268.0,0.0,268.0,0.0,IPL only,0.19674288125793019
2022,"2019,2020,2021",Pat Cummins,0.4023800038588609,0.0858436094940359,1622.85,1503.0,799.0,396.0,1107.0,IPL+T20I,0.11065450106118675
2022,"2019,2020,2021",Pathum Nissanka,0.6177533141490792,0.1801750713919982,116.1,0.0,774.0,,,T20I only,0.16988216139099677
2022,"2019,2020,2021",Paul Stirling,0.75616921405256,0.2997370633156124,303.3,0.0,2022.0,,,T20I only,0.207946533864454
2022,"2019,2020,2021",Pawan Negi,0.5358853091264745,-0.0369933642400312,79.0,79.0,0.0,12.0,67.0,IPL only,0.1473684600097805
2022,"2019,2020,2021",Pite van Biljon,0.6023828237096909,0.1228961841937174,41.25,0.0,275.0,,,T20I only,0.16565527652016498
2022,"2019,2020,2021",Piyush Chawla,0.1490572631333724,-0.0989919302631768,636.0,636.0,0.0,43.0,593.0,IPL only,0.040990747361677404
2022,"2019,2020,2021",Prabhsimran Singh,0.27428030723478725,-0.4842586653370276,116.0,116.0,0.0,116.0,0.0,IPL only,0.07542708448956649
2022,"2019,2020,2021",Prasidh Krishna,0.40659889168721225,0.0786615696065942,1190.0,1190.0,0.0,13.0,1177.0,IPL only,0.11181469521398336
2022,"2019,2020,2021",Praveen Dubey,0.37035388454637014,-0.2787213977120861,122.0,122.0,0.0,26.0,96.0,IPL only,0.10184731825025178
2022,"2019,2020,2021",Prayas Ray Barman,0.4086877694069291,-0.7011548324078367,48.0,48.0,0.0,24.0,24.0,IPL only,0.11238913658690548
2022,"2019,2020,2021",Prithvi Raj,0.5157445857988981,-0.4530629278179984,31.0,31.0,0.0,1.0,30.0,IPL only,0.141829761094697
2022,"2019,2020,2021",Prithvi Shaw,1.5179971433414772,0.5336648352991573,1501.45,1501.0,3.0,1501.0,0.0,IPL+T20I,0.41744921441890626
2022,"2019,2020,2021",Priyam Garg,0.3496023483735866,-0.0174270435230881,444.0,444.0,0.0,444.0,0.0,IPL only,0.09614064580273632
2022,"2019,2020,2021",Quinton de Kock,0.9498498383119199,0.2918183681770617,2127.55,1882.0,1637.0,1882.0,0.0,IPL+T20I,0.26120870553577796
2022,"2019,2020,2021",Rachin Ravindra,0.6206362347365901,0.1948291269295414,72.45,0.0,483.0,,,T20I only,0.17067496455256229
2022,"2019,2020,2021",Rahmanullah Gurbaz,0.6863653554194904,0.3179817405346214,111.45,0.0,743.0,,,T20I only,0.18875047274035986
2022,"2019,2020,2021",Rahul Chahar,0.3952257457362662,0.0855715064737927,1801.45,1756.0,303.0,64.0,1692.0,IPL+T20I,0.1086870800774732
2022,"2019,2020,2021",Rahul Tewatia,0.3796011809313559,0.0830168069038991,2089.0,2089.0,0.0,829.0,1260.0,IPL only,0.10439032475612288
2022,"2019,2020,2021",Rahul Tripathi,1.0877484972845275,0.3681068183971051,1329.0,1329.0,0.0,1329.0,0.0,IPL only,0.29913083675324503
2022,"2019,2020,2021",Rajat Patidar,0.5621822564300021,0.1035118314870352,186.0,186.0,0.0,186.0,0.0,IPL only,0.1546001205182506
2022,"2019,2020,2021",Rashid Khan,0.8937607580649066,0.2673239423476396,2522.15,2426.0,641.0,290.0,2136.0,IPL+T20I,0.24578420846784932
2022,"2019,2020,2021",Rasikh Salam,0.5509899748328743,-0.2370422891627319,30.0,30.0,0.0,4.0,26.0,IPL only,0.15152224307904041
2022,"2019,2020,2021",Rassie van der Dussen,0.5564885838918396,0.1058672322952122,224.7,0.0,1498.0,,,T20I only,0.1530343605702559
2022,"2019,2020,2021",Ravi Bishnoi,0.675323808671415,0.1951872935626221,1296.0,1296.0,0.0,36.0,1260.0,IPL only,0.18571404738463912
2022,"2019,2020,2021",Ravi Rampaul,0.5683178500817332,-0.0587337793889658,38.7,0.0,258.0,,,T20I only,0.15628740877247663
2022,"2019,2020,2021",Ravichandran Ashwin,0.5181239248226628,0.1334096769676598,1981.8,1971.0,72.0,222.0,1749.0,IPL+T20I,0.14248407932623225
2022,"2019,2020,2021",Ravindra Jadeja,0.7653301974473311,0.2220272098109058,2560.55,2474.0,577.0,826.0,1648.0,IPL+T20I,0.21046580429801606
2022,"2019,2020,2021",Reeza Hendricks,0.6128635967286816,0.1698248368816647,197.1,0.0,1314.0,,,T20I only,0.16853748910038746
2022,"2019,2020,2021",Richard Ngarava,0.5312976826197692,0.0325625612263101,136.04999999999998,0.0,907.0,,,T20I only,0.14610686272043652
2022,"2019,2020,2021",Riley Meredith,0.33066253632287584,-0.0591370999867236,360.3,309.0,342.0,0.0,309.0,IPL+T20I,0.09093219748879086
2022,"2019,2020,2021",Rinku Singh,0.5984069315377554,0.1193981240021047,56.0,56.0,0.0,56.0,0.0,IPL only,0.16456190617288272
2022,"2019,2020,2021",Ripal Patel,0.5332013001781217,0.0349173513394055,135.0,135.0,0.0,81.0,54.0,IPL only,0.1466303575489835
2022,"2019,2020,2021",Rishabh Pant,0.7952821745540374,0.2366197290168081,1974.05,1880.0,627.0,1880.0,0.0,IPL+T20I,0.21870259800236028
2022,"2019,2020,2021",Riyan Parag,0.017839043957964006,-0.1478863620568452,748.0,748.0,0.0,529.0,219.0,IPL only,0.004905737088440102
2022,"2019,2020,2021",Robin Uthappa,0.6298006085382393,0.1774546958583547,825.0,825.0,0.0,825.0,0.0,IPL only,0.1731951673480158
2022,"2019,2020,2021",Rohit Sharma,0.994726563834547,0.3122925738005317,1903.9,1753.0,1006.0,1732.0,21.0,IPL+T20I,0.27354980505450044
2022,"2019,2020,2021",Ross Taylor,0.5469303133710813,-0.0223500082486238,72.0,0.0,480.0,,,T20I only,0.15040583617704736
2022,"2019,2020,2021",Roston Chase,0.5139444883555031,-0.4551158090084944,31.5,0.0,210.0,,,T20I only,0.14133473429776336
2022,"2019,2020,2021",Ruben Trumpelmann,0.5544522994443963,-0.0510522561627019,54.0,0.0,360.0,,,T20I only,0.15247438234720898
2022,"2019,2020,2021",Ruturaj Gaikwad,1.0600212749969016,0.3408776848425638,1748.6,1736.0,84.0,1736.0,0.0,IPL+T20I,0.2915058506241479
2022,"2019,2020,2021",Ryan Burl,0.5697351026738939,0.0698540803350309,92.7,0.0,618.0,,,T20I only,0.15667715323532083
2022,"2019,2020,2021",Sachin Baby,0.42111265540492443,-0.6029846071584204,51.0,51.0,0.0,51.0,0.0,IPL only,0.11580598023635423
2022,"2019,2020,2021",Safyaan Sharif,0.5807266558980031,0.0473395110118017,52.8,0.0,352.0,,,T20I only,0.15969983037195085
2022,"2019,2020,2021",Sam Billings,0.544386443459668,-0.1417957744205273,44.35,4.0,269.0,4.0,0.0,IPL+T20I,0.1497062719514087
2022,"2019,2020,2021",Sam Curran,0.5155964655013535,0.1317108992882741,1832.7,1731.0,678.0,424.0,1307.0,IPL+T20I,0.14178902801287221
2022,"2019,2020,2021",Sandeep Lamichhane,0.4253391982874227,-0.1343971514124215,142.6,139.0,24.0,1.0,138.0,IPL+T20I,0.11696827952904125
2022,"2019,2020,2021",Sandeep Sharma,0.46806157507319074,0.1084076295267508,1360.0,1360.0,0.0,54.0,1306.0,IPL only,0.12871693314512744
2022,"2019,2020,2021",Sandeep Warrier,0.5173741092455739,0.0238716743416283,153.1,145.0,54.0,0.0,145.0,IPL+T20I,0.14227788004253283
2022,"2019,2020,2021",Sanju Samson,0.9965356007583721,0.3153575449596143,1794.0,1764.0,200.0,1764.0,0.0,IPL+T20I,0.27404729020855234
2022,"2019,2020,2021",Saqib Mahmood,0.5459308971491474,-0.0738195072089949,56.4,0.0,376.0,,,T20I only,0.15013099671601554
2022,"2019,2020,2021",Sarfaraz Khan,0.346005897803329,-0.1425989399433433,215.0,215.0,0.0,213.0,2.0,IPL only,0.09515162189591547
2022,"2019,2020,2021",Saurabh Tiwary,0.5445075417564736,0.1211258171438722,451.0,451.0,0.0,451.0,0.0,IPL only,0.14973957398303026
2022,"2019,2020,2021",Scott Kuggeleijn,0.51849255677942,0.0079541946209686,133.05,48.0,567.0,0.0,48.0,IPL+T20I,0.14258545311434048
2022,"2019,2020,2021",Sean Williams,0.5232498107267854,-0.2325607330063965,45.15,0.0,301.0,,,T20I only,0.143893697949866
2022,"2019,2020,2021",Shadab Khan,0.48538891338883,0.0077824672521575,193.2,0.0,1288.0,,,T20I only,0.13348195118192824
2022,"2019,2020,2021",Shahbaz Ahmed,0.8737316454163732,0.3443397810875859,485.0,485.0,0.0,161.0,324.0,IPL only,0.24027620248950263
2022,"2019,2020,2021",Shahbaz Nadeem,0.17191360170200642,-0.1566493927727801,415.0,415.0,0.0,19.0,396.0,IPL only,0.04727624046805177
2022,"2019,2020,2021",Shaheen Shah Afridi,0.5646854735379332,0.1149821939337031,223.8,0.0,1492.0,,,T20I only,0.1552885052229316
2022,"2019,2020,2021",Shakib Al Hasan,0.34164966686706577,0.0401282812833705,965.25,687.0,1855.0,154.0,533.0,IPL+T20I,0.09395365838844308
2022,"2019,2020,2021",Shamim Hossain,0.5961749735775732,0.0939995666960401,42.3,0.0,282.0,,,T20I only,0.16394811773383264
2022,"2019,2020,2021",Shane Getkate,0.5504719179719837,-0.0275648483259629,65.7,0.0,438.0,,,T20I only,0.15137977744229553
2022,"2019,2020,2021",Shane Watson,0.7649184107645405,0.2469831931706613,806.0,806.0,0.0,806.0,0.0,IPL only,0.21035256296024865
2022,"2019,2020,2021",Shardul Thakur,0.5454227374764673,0.1430973111598826,1846.35,1719.0,849.0,64.0,1655.0,IPL+T20I,0.1499912528060285
2022,"2019,2020,2021",Sheldon Cottrell,0.47076082046079193,0.0569771497136956,373.9,244.0,866.0,4.0,240.0,IPL+T20I,0.12945922562671777
2022,"2019,2020,2021",Sherfane Rutherford,0.5373474781702013,0.0173906699169997,109.55,95.0,97.0,54.0,41.0,IPL+T20I,0.14777055649680537
2022,"2019,2020,2021",Shikhar Dhawan,1.1808787502715448,0.3643465540768442,2767.25,2651.0,775.0,2651.0,0.0,IPL+T20I,0.3247416563246748
2022,"2019,2020,2021",Shimron Hetmyer,0.9393257738728783,0.3272023058650962,915.95,755.0,1073.0,755.0,0.0,IPL+T20I,0.2583145878150415
2022,"2019,2020,2021",Shivam Dube,0.33993537851864664,0.0448314932986928,1074.7,1030.0,298.0,822.0,208.0,IPL+T20I,0.09348222909262782
2022,"2019,2020,2021",Shivam Mavi,0.7256557213043193,0.2217883397842951,988.0,988.0,0.0,88.0,900.0,IPL only,0.1995553233586878
2022,"2019,2020,2021",Shoaib Malik,0.636821579294765,0.2627952656873362,55.5,0.0,370.0,,,T20I only,0.17512593430606038
2022,"2019,2020,2021",Shoriful Islam,0.5172004301352014,-0.0238551429981894,109.35,0.0,729.0,,,T20I only,0.1422301182871804
2022,"2019,2020,2021",Shreyas Gopal,0.03630667393495635,-0.0859718790440589,1154.0,1154.0,0.0,139.0,1015.0,IPL only,0.009984335332112997
2022,"2019,2020,2021",Shreyas Iyer,0.5211333149441555,0.1338427445530711,1838.05,1741.0,647.0,1741.0,0.0,IPL+T20I,0.14331166160964276
2022,"2019,2020,2021",Shubman Gill,0.6848718687764156,0.1947704375430717,2195.0,2195.0,0.0,2195.0,0.0,IPL only,0.18833976391351429
2022,"2019,2020,2021",Siddarth Kaul,0.2967970228927357,0.0044798608858902,785.45,782.0,23.0,25.0,757.0,IPL+T20I,0.08161918129550232
2022,"2019,2020,2021",Sikandar Raza,0.4571343814370032,-0.4201858907606249,54.45,0.0,363.0,,,T20I only,0.12571195489517586
2022,"2019,2020,2021",Simi Singh,0.4391309124881993,-0.1643747848784866,116.4,0.0,776.0,,,T20I only,0.12076100093425482
2022,"2019,2020,2021",Sisanda Magala,0.5973797377998887,0.1060121929355061,46.8,0.0,312.0,,,T20I only,0.1642794278949694
2022,"2019,2020,2021",Soumya Sarkar,0.5671449489381792,0.1001014397032153,153.0,0.0,1020.0,,,T20I only,0.1559648609579993
2022,"2019,2020,2021",Srikar Bharat,0.6671376104802708,0.206329261460858,468.0,468.0,0.0,468.0,0.0,IPL only,0.18346284288207448
2022,"2019,2020,2021",Steven Smith,0.6145926426719082,0.1694822951263904,1249.85,1154.0,639.0,1154.0,0.0,IPL+T20I,0.16901297673477475
2022,"2019,2020,2021",Stuart Binny,0.6961904546258108,0.3901615993255992,82.0,82.0,0.0,40.0,42.0,IPL only,0.19145237502209794
2022,"2019,2020,2021",Sunil Narine,0.753479739532184,0.2199321594911699,2147.1,2133.0,94.0,397.0,1736.0,IPL+T20I,0.2072069283713506
2022,"2019,2020,2021",Suresh Raina,0.4702675551497859,0.0906928933533393,704.0,704.0,0.0,698.0,6.0,IPL only,0.12932357766619113
2022,"2019,2020,2021",Suryakumar Yadav,1.2010422830851517,0.3970797255683674,1698.95,1649.0,333.0,1649.0,0.0,IPL+T20I,0.3302866278484167
2022,"2019,2020,2021",T Natarajan,0.47301948603471705,0.1017842476017178,942.4,910.0,216.0,10.0,900.0,IPL+T20I,0.1300803586595472
2022,"2019,2020,2021",Tabraiz Shamsi,0.5819069628239383,0.1458159331952772,401.55,84.0,2117.0,12.0,72.0,IPL+T20I,0.16002441477658302
2022,"2019,2020,2021",Tamim Iqbal,0.6372167775344686,0.3125047125109716,36.0,0.0,240.0,,,T20I only,0.17523461382197886
2022,"2019,2020,2021",Taskin Ahmed,0.5019649505695792,-0.1513183922001898,72.89999999999999,0.0,486.0,,,T20I only,0.13804036140663428
2022,"2019,2020,2021",Temba Bavuma,0.566448397776165,0.0959855025656513,145.2,0.0,968.0,,,T20I only,0.15577330938844536
2022,"2019,2020,2021",Tendai Chatara,0.5426752276840923,-0.0507269789538986,66.3,0.0,442.0,,,T20I only,0.1492356876131254
2022,"2019,2020,2021",Thisara Perera,0.5021739498948118,-0.3649850972993613,41.85,0.0,279.0,,,T20I only,0.13809783622107324
2022,"2019,2020,2021",Tim Seifert,0.4526042972035535,-0.0897927742276883,142.79999999999998,12.0,872.0,12.0,0.0,IPL+T20I,0.1244661817309772
2022,"2019,2020,2021",Tim Southee,0.409090138734735,0.0409640788713161,544.8,294.0,1672.0,24.0,270.0,IPL+T20I,0.11249978815205212
2022,"2019,2020,2021",Tom Banton,0.5206964594846792,-0.0815955902455782,77.8,40.0,252.0,40.0,0.0,IPL+T20I,0.1431915263582868
2022,"2019,2020,2021",Tom Curran,0.3824855268535927,0.0449868752386426,732.5,599.0,890.0,175.0,424.0,IPL+T20I,0.105183519884738
2022,"2019,2020,2021",Tom Latham,0.6419904404815443,0.265750623341189,65.7,0.0,438.0,,,T20I only,0.1765473711324247
2022,"2019,2020,2021",Trent Boult,0.4620456740710315,0.111722094557216,1876.0,1747.0,860.0,18.0,1729.0,IPL+T20I,0.12706256036953364
2022,"2019,2020,2021",Tushar Deshpande,0.1667220547075779,-0.3264493070918192,230.0,230.0,0.0,24.0,206.0,IPL only,0.04584856504458392
2022,"2019,2020,2021",Tymal Mills,0.6080337116699265,0.1486628612134656,36.45,0.0,243.0,,,T20I only,0.16720927070922978
2022,"2019,2020,2021",Umesh Yadav,0.2688778055967489,-0.1160457248468598,347.2,343.0,28.0,29.0,314.0,IPL+T20I,0.07394139653910595
2022,"2019,2020,2021",Umran Malik,0.5914229695710491,0.1447080551498417,216.0,216.0,0.0,0.0,216.0,IPL only,0.1626413166320385
2022,"2019,2020,2021",Usman Ghani,0.6262225369457889,0.2349963585374896,45.0,0.0,300.0,,,T20I only,0.17221119766009194
2022,"2019,2020,2021",Usman Qadir,0.5024882735117604,-0.1667324055622993,68.85,0.0,459.0,,,T20I only,0.1381842752157341
2022,"2019,2020,2021",Varun Aaron,0.13139854129827835,-0.428329154523189,199.0,199.0,0.0,27.0,172.0,IPL only,0.036134598857026544
2022,"2019,2020,2021",Varun Chakravarthy,0.7432273988534953,0.2172513382708757,1970.55,1917.0,357.0,42.0,1875.0,IPL+T20I,0.20438753468471121
2022,"2019,2020,2021",Venkatesh Iyer,1.0648737489183793,0.3783948795253058,1020.0,1020.0,0.0,864.0,156.0,IPL only,0.2928402809525543
2022,"2019,2020,2021",Vijay Shankar,0.5101185395023635,0.1200434698585615,964.7,953.0,78.0,541.0,412.0,IPL+T20I,0.14028259836314996
2022,"2019,2020,2021",Virat Kohli,0.8878041157457327,0.267029984903992,2323.9,2113.0,1406.0,2113.0,0.0,IPL+T20I,0.24414613183007652
2022,"2019,2020,2021",Virat Singh,0.45076138997489623,-0.2728475222750312,78.0,78.0,0.0,78.0,0.0,IPL only,0.12395938224309645
2022,"2019,2020,2021",Wanindu Hasaranga de Silva,0.39172906166062454,0.0126790819097013,445.2,114.0,2208.0,6.0,108.0,IPL+T20I,0.10772549195667173
2022,"2019,2020,2021",Washington Sundar,0.5770771476430092,0.153973349062357,1404.9,1278.0,846.0,334.0,944.0,IPL+T20I,0.15869621560182753
2022,"2019,2020,2021",Wellington Masakadza,0.5708199062231423,0.0875671149849227,112.95,0.0,753.0,,,T20I only,0.15697547421136412
2022,"2019,2020,2021",Wessley Madhevere,0.5348423307274809,-0.1357796130258313,52.2,0.0,348.0,,,T20I only,0.14708164095005724
2022,"2019,2020,2021",Wiaan Mulder,0.6027655706301541,0.1316164152308317,49.5,0.0,330.0,,,T20I only,0.16576053192329238
2022,"2019,2020,2021",Will Young,0.6251191907415028,0.2077505496783006,72.89999999999999,0.0,486.0,,,T20I only,0.17190777745391328
2022,"2019,2020,2021",Wriddhiman Saha,0.7410155393092702,0.2357728358189749,779.0,779.0,0.0,779.0,0.0,IPL only,0.2037792733100493
2022,"2019,2020,2021",Yashasvi Jaiswal,0.8873908954950915,0.3337288497412577,592.0,592.0,0.0,592.0,0.0,IPL only,0.24403249626115017
2022,"2019,2020,2021",Yusuf Pathan,0.47209204411451805,-0.3965430727809931,51.0,51.0,0.0,45.0,6.0,IPL only,0.12982531213149245
2022,"2019,2020,2021",Yuvraj Singh,0.5876152552115599,0.1001732685917631,75.0,75.0,0.0,75.0,0.0,IPL only,0.16159419518317897
2022,"2019,2020,2021",Yuzvendra Chahal,0.44940611473091385,0.1092876944532917,2182.8,2043.0,932.0,103.0,1940.0,IPL+T20I,0.1235866815510013
2022,"2019,2020,2021",Zahoor Khan,0.6588950349483745,0.4586630480044298,32.85,0.0,219.0,,,T20I only,0.181196134610803
2023,"2020,2021,2022",AB de Villiers,1.0338501320282751,0.3975999163028548,708.0,708.0,0.0,708.0,0.0,IPL only,0.2843087863077757
2023,"2020,2021,2022",Aaron Finch,0.4791013988928598,0.0965721949641646,755.5,424.0,2210.0,424.0,0.0,IPL+T20I,0.13175288469553645
2023,"2020,2021,2022",Abdul Samad,0.5329343053477453,0.0977130285504915,332.0,332.0,0.0,260.0,72.0,IPL only,0.14655693397062997
2023,"2020,2021,2022",Abhinav Manohar,0.6562125649798272,0.213857959279185,225.0,225.0,0.0,225.0,0.0,IPL only,0.1804584553694525
2023,"2020,2021,2022",Abhishek Sharma,0.6698995238235617,0.1913800756502867,1418.0,1418.0,0.0,1166.0,252.0,IPL only,0.18422236905147946
2023,"2020,2021,2022",Adam Milne,0.3740003311401943,-0.0424353423145953,322.2,249.0,488.0,34.0,215.0,IPL+T20I,0.10285009106355344
2023,"2020,2021,2022",Adam Zampa,0.4137512601895973,0.0139500789168825,392.25,66.0,2175.0,0.0,66.0,IPL+T20I,0.11378159655213925
2023,"2020,2021,2022",Adil Rashid,0.3485779879345906,-0.0242032098291178,430.65,36.0,2631.0,0.0,36.0,IPL+T20I,0.09585894668201242
2023,"2020,2021,2022",Afif Hossain,0.5141759067893713,0.0701800973484961,278.4,0.0,1856.0,,,T20I only,0.1413983743670771
2023,"2020,2021,2022",Ahmed Raza,0.5427046954804698,-0.175821435476124,44.1,0.0,294.0,,,T20I only,0.14924379125712922
2023,"2020,2021,2022",Aiden Markram,0.8011309469805393,0.2445797126879736,1459.15,1216.0,1621.0,1060.0,156.0,IPL+T20I,0.22031101041964832
2023,"2020,2021,2022",Ajaz Patel,0.6589377993716351,0.3811953575165733,40.2,0.0,268.0,,,T20I only,0.18120789482719965
2023,"2020,2021,2022",Ajinkya Rahane,0.3184772618696207,-0.0258293199859035,507.0,507.0,0.0,507.0,0.0,IPL only,0.0875812470141457
2023,"2020,2021,2022",Akash Deep,0.14653784812757328,-0.2178146120337751,351.0,351.0,0.0,6.0,345.0,IPL only,0.040297908235082655
2023,"2020,2021,2022",Akash Singh,0.5081981936762768,-0.2972846237440996,48.0,48.0,0.0,0.0,48.0,IPL only,0.13975450326097613
2023,"2020,2021,2022",Akeal Hosein,0.5363508127012167,0.0889948794565769,265.95,0.0,1773.0,,,T20I only,0.14749647349283457
2023,"2020,2021,2022",Akila Dananjaya,0.4490662944922844,-0.4131695996806616,60.3,0.0,402.0,,,T20I only,0.1234932309853782
2023,"2020,2021,2022",Alex Carey,0.5612896508086156,-0.0387830946500443,55.7,29.0,178.0,29.0,0.0,IPL+T20I,0.15435465397236928
2023,"2020,2021,2022",Alex Hales,0.7128847842470244,0.3343638155825357,133.2,0.0,888.0,,,T20I only,0.1960433156679317
2023,"2020,2021,2022",Alzarri Joseph,0.33338184865991755,0.009726776290429,666.6,564.0,684.0,21.0,543.0,IPL+T20I,0.09168000838147733
2023,"2020,2021,2022",Ambati Rayudu,0.8575221081330124,0.2715735839380297,1294.0,1294.0,0.0,1294.0,0.0,IPL only,0.23581857973657844
2023,"2020,2021,2022",Amit Mishra,0.6032909225799984,0.1542345767126557,229.0,229.0,0.0,0.0,229.0,IPL only,0.16590500370949957
2023,"2020,2021,2022",Anamul Haque,0.5601151204589785,-0.1056342920055444,42.3,0.0,282.0,,,T20I only,0.15403165812621908
2023,"2020,2021,2022",Andile Phehlukwayo,0.48057222670260374,-0.1590483601227387,90.3,0.0,602.0,,,T20I only,0.13215736234321604
2023,"2020,2021,2022",Andre Fletcher,0.6201780796030129,0.1853190854196421,39.15,0.0,261.0,,,T20I only,0.17054897189082854
2023,"2020,2021,2022",Andre Russell,1.0630746899803136,0.3383405281929216,1866.2,1745.0,808.0,897.0,848.0,IPL+T20I,0.29234553974458627
2023,"2020,2021,2022",Andrew Tye,0.34490664018349887,-0.1008254999476838,267.85,229.0,259.0,6.0,223.0,IPL+T20I,0.09484932605046219
2023,"2020,2021,2022",Andy Balbirnie,0.5917452014365125,0.1464293006834249,300.3,0.0,2002.0,,,T20I only,0.16272993039504094
2023,"2020,2021,2022",Andy McBrine,0.5081704626031801,-0.219862657108286,58.35,0.0,389.0,,,T20I only,0.13974687721587453
2023,"2020,2021,2022",Ankit Rajpoot,0.29311446305719885,-0.4665996300313419,114.0,114.0,0.0,10.0,104.0,IPL only,0.08060647734072968
2023,"2020,2021,2022",Anmolpreet Singh,0.647653052898284,0.2656744746812479,67.0,67.0,0.0,67.0,0.0,IPL only,0.1781045895470281
2023,"2020,2021,2022",Anrich Nortje,0.5450831557035013,0.1396394978406369,1352.8,1168.0,1232.0,24.0,1144.0,IPL+T20I,0.14989786781846284
2023,"2020,2021,2022",Anuj Rawat,0.17643315279593955,-0.189802929233107,356.0,356.0,0.0,356.0,0.0,IPL only,0.048519117018883375
2023,"2020,2021,2022",Anukul Roy,0.4071406497567571,-0.1943352251104615,132.0,132.0,0.0,6.0,126.0,IPL only,0.11196367868310819
2023,"2020,2021,2022",Arshdeep Singh,0.610670443487697,0.1672498800056188,1829.05,1654.0,1167.0,96.0,1558.0,IPL+T20I,0.16793437195911667
2023,"2020,2021,2022",Asghar Afghan,0.6247616574552038,0.2137803949151176,34.8,0.0,232.0,,,T20I only,0.17180945580018106
2023,"2020,2021,2022",Ashton Agar,0.5379669825588259,0.0840105795900379,238.5,0.0,1590.0,,,T20I only,0.1479409202036771
2023,"2020,2021,2022",Ashton Turner,0.5596593949654187,-0.1698245683752655,34.2,0.0,228.0,,,T20I only,0.15390633361549014
2023,"2020,2021,2022",Asif Ali,0.5744010780386931,-0.0006875427778665,51.9,0.0,346.0,,,T20I only,0.1579602964606406
2023,"2020,2021,2022",Avesh Khan,0.7952088343466078,0.2379059375408944,1782.8,1664.0,792.0,45.0,1619.0,IPL+T20I,0.21868242944531716
2023,"2020,2021,2022",Avishka Fernando,0.4957036568459342,-0.2861399665640186,55.35,0.0,369.0,,,T20I only,0.1363185056326319
2023,"2020,2021,2022",Axar Patel,0.7826035355042394,0.2287624884307746,2350.8,2169.0,1212.0,537.0,1632.0,IPL+T20I,0.21521597226366587
2023,"2020,2021,2022",Ayush Badoni,0.6069782656554439,0.1623117126321156,426.0,426.0,0.0,390.0,36.0,IPL only,0.16691902305524706
2023,"2020,2021,2022",Azmatullah Omarzai,0.551139088154677,0.0318668659171914,106.2,0.0,708.0,,,T20I only,0.15156324924253617
2023,"2020,2021,2022",Baba Indrajith,0.3585713586665051,-0.45451558565143,90.0,90.0,0.0,90.0,0.0,IPL only,0.0986071236332889
2023,"2020,2021,2022",Babar Azam,0.5064995851438396,0.0955447306661465,487.05,0.0,3247.0,,,T20I only,0.13928738591455592
2023,"2020,2021,2022",Barry McCarthy,0.37131294238743034,-0.131782140593131,202.35,0.0,1349.0,,,T20I only,0.10211105915654334
2023,"2020,2021,2022",Bas de Leede,0.5736746743317012,-0.0321182756715816,44.1,0.0,294.0,,,T20I only,0.15776053544121782
2023,"2020,2021,2022",Basil Thampi,0.31720344288813956,-0.0978471545614029,312.0,312.0,0.0,0.0,312.0,IPL only,0.08723094679423837
2023,"2020,2021,2022",Ben Duckett,0.6658385921934203,0.3256915887787082,65.7,0.0,438.0,,,T20I only,0.1831056128531906
2023,"2020,2021,2022",Ben McDermott,0.5782995642108388,0.0503415411116417,68.85,0.0,459.0,,,T20I only,0.15903238015798069
2023,"2020,2021,2022",Ben Stokes,0.60934179206472,0.1644948050178829,490.45,310.0,1203.0,206.0,104.0,IPL+T20I,0.16756899281779797
2023,"2020,2021,2022",Bernard Scholtz,0.616637556577477,0.166199486955453,30.6,0.0,204.0,,,T20I only,0.16957532805880618
2023,"2020,2021,2022",Beuran Hendricks,0.5553250893354044,-0.1092427111447901,45.45,0.0,303.0,,,T20I only,0.1527143995672362
2023,"2020,2021,2022",Bhanuka Rajapaksa,1.2133728342224324,0.5449203790502105,543.3,387.0,1042.0,387.0,0.0,IPL+T20I,0.3336775294111689
2023,"2020,2021,2022",Bhuvneshwar Kumar,0.6317279269381264,0.1751206052985622,2007.7,1675.0,2218.0,140.0,1535.0,IPL+T20I,0.17372517990798475
2023,"2020,2021,2022",Binura Fernando,0.5992445694911507,0.1174472531549167,72.89999999999999,0.0,486.0,,,T20I only,0.16479225661006644
2023,"2020,2021,2022",Bjorn Fortuin,0.6390707611978615,0.2377767058586457,67.95,0.0,453.0,,,T20I only,0.17574445932941193
2023,"2020,2021,2022",Blair Tickner,0.5591787183249456,-0.0395440706662662,57.75,0.0,385.0,,,T20I only,0.15377414753936003
2023,"2020,2021,2022",Blessing Muzarabani,0.5440046530711637,0.0537840369909788,147.0,0.0,980.0,,,T20I only,0.14960127959457004
2023,"2020,2021,2022",Brad Wheal,0.5429061026406445,-0.1343636317064191,50.4,0.0,336.0,,,T20I only,0.14929917822617725
2023,"2020,2021,2022",Brandon King,0.5998535571631379,0.1476210874241121,192.3,0.0,1282.0,,,T20I only,0.16495972821986293
2023,"2020,2021,2022",Cameron Green,0.6607735156686708,0.2745028924561174,90.45,0.0,603.0,,,T20I only,0.18171271680888448
2023,"2020,2021,2022",Chamika Karunaratne,0.2981870869433211,-0.1169134073987747,308.7,0.0,2058.0,,,T20I only,0.08200144890941329
2023,"2020,2021,2022",Charith Asalanka,0.56643696615855,0.1132960870095131,229.95,0.0,1533.0,,,T20I only,0.15577016569360125
2023,"2020,2021,2022",Chetan Sakariya,0.6453561117495068,0.1835732581041641,889.3,880.0,62.0,50.0,830.0,IPL+T20I,0.17747293073111436
2023,"2020,2021,2022",Chris Gayle,0.7738418708830017,0.2619086469676723,614.2,523.0,608.0,518.0,5.0,IPL+T20I,0.21280651449282548
2023,"2020,2021,2022",Chris Greaves,0.5799753352058304,0.012152098831715,48.6,0.0,324.0,,,T20I only,0.15949321718160336
2023,"2020,2021,2022",Chris Jordan,0.38391371713324834,0.0600083405790305,985.4,668.0,2116.0,97.0,571.0,IPL+T20I,0.10557627221164329
2023,"2020,2021,2022",Chris Lynn,0.7128681597167666,0.4591971777299773,70.0,70.0,0.0,70.0,0.0,IPL only,0.19603874392211082
2023,"2020,2021,2022",Chris Morris,0.5035769801373159,0.1112514631834734,803.0,803.0,0.0,119.0,684.0,IPL only,0.13848366953776187
2023,"2020,2021,2022",Chris Woakes,0.7223690158927214,0.2657489120425393,301.79999999999995,156.0,972.0,22.0,134.0,IPL+T20I,0.19865147937049837
2023,"2020,2021,2022",Cole McConchie,0.5700795758592799,-0.0638050515782489,41.1,0.0,274.0,,,T20I only,0.156771883361302
2023,"2020,2021,2022",Craig Young,0.4786428547157562,-0.13175376652002,101.25,0.0,675.0,,,T20I only,0.13162678504683295
2023,"2020,2021,2022",Curtis Campher,0.4759808367639055,-0.0241079462621822,175.35,0.0,1169.0,,,T20I only,0.13089473011007402
2023,"2020,2021,2022",Dale Steyn,0.3997398093973507,-0.3928477334359919,83.25,72.0,75.0,2.0,70.0,IPL+T20I,0.10992844758427144
2023,"2020,2021,2022",Dan Christian,0.3465360219680882,-0.0860386404261268,287.3,248.0,262.0,48.0,200.0,IPL+T20I,0.09529740604122426
2023,"2020,2021,2022",Dane Cleaver,0.5724905088416578,-0.0480993377126971,41.85,0.0,279.0,,,T20I only,0.15743488993145588
2023,"2020,2021,2022",Daniel Sams,0.07926687865880294,-0.0712108208336701,1113.3,1026.0,582.0,122.0,904.0,IPL+T20I,0.021798391631170807
2023,"2020,2021,2022",Danushka Gunathilaka,0.5639071216605647,0.0557148706730485,103.2,0.0,688.0,,,T20I only,0.1550744584566553
2023,"2020,2021,2022",Darshan Nalkande,0.6083020220239522,0.1489186352037252,93.0,93.0,0.0,0.0,93.0,IPL only,0.1672830560565869
2023,"2020,2021,2022",Daryl Mitchell,0.28684188158230917,-0.1015895147043071,352.35,168.0,1229.0,132.0,36.0,IPL+T20I,0.07888151743513501
2023,"2020,2021,2022",Dasun Shanaka,0.46857379957755807,0.0365966306837092,310.05,0.0,2067.0,,,T20I only,0.12885779488382848
2023,"2020,2021,2022",David Miller,0.8468123207069133,0.263925187405664,1423.6,1237.0,1244.0,1237.0,0.0,IPL+T20I,0.23287338819440112
2023,"2020,2021,2022",David Warner,1.1897690721724132,0.3879045470215192,1815.35,1631.0,1229.0,1630.0,1.0,IPL+T20I,0.32718649484741363
2023,"2020,2021,2022",David Wiese,0.6236726321115278,0.1982397025174685,46.8,0.0,312.0,,,T20I only,0.17150997383067015
2023,"2020,2021,2022",David Willey,0.3235334934182669,-0.0414223675012351,433.5,288.0,970.0,90.0,198.0,IPL+T20I,0.0889717106900234
2023,"2020,2021,2022",Dawid Malan,0.6355689589179525,0.1844457492176633,366.4,52.0,2096.0,52.0,0.0,IPL+T20I,0.17478146370243694
2023,"2020,2021,2022",Deepak Chahar,0.3786227600631368,0.0610169749165759,1065.35,974.0,609.0,14.0,960.0,IPL+T20I,0.10412125901736262
2023,"2020,2021,2022",Deepak Hooda,0.7746230284608187,0.2309132469942462,1694.0,1577.0,780.0,1307.0,270.0,IPL+T20I,0.21302133282672514
2023,"2020,2021,2022",Devdutt Padikkal,0.7365672741297574,0.2142558425212216,1964.4,1953.0,76.0,1953.0,0.0,IPL+T20I,0.2025560003856833
2023,"2020,2021,2022",Devon Conway,1.0951214307472363,0.4106684155228781,840.15,519.0,2141.0,519.0,0.0,IPL+T20I,0.30115839345549
2023,"2020,2021,2022",Dewald Brevis,0.9112535873753872,0.4132679698352289,348.0,348.0,0.0,339.0,9.0,IPL only,0.2505947365282315
2023,"2020,2021,2022",Dhananjaya de Silva,0.593739583645358,0.1358882183671031,164.7,0.0,1098.0,,,T20I only,0.16327838550247345
2023,"2020,2021,2022",Dhawal Kulkarni,0.5504690309681493,-0.03745545644785,68.0,68.0,0.0,2.0,66.0,IPL only,0.15137898351624104
2023,"2020,2021,2022",Dilshan Madushanka,0.5747911803046118,0.0130235182230726,56.25,0.0,375.0,,,T20I only,0.15806757458376827
2023,"2020,2021,2022",Dinesh Chandimal,0.5231960314456675,-0.046350264072062,95.1,0.0,634.0,,,T20I only,0.1438789086475586
2023,"2020,2021,2022",Dinesh Karthik,0.9770249903611152,0.3311982572286783,1108.05,1014.0,627.0,1014.0,0.0,IPL+T20I,0.2686818723493067
2023,"2020,2021,2022",Dominic Drakes,0.570366563225759,0.0117547186074003,62.1,0.0,414.0,,,T20I only,0.1568508048870837
2023,"2020,2021,2022",Donald Tiripano,0.49641259840317087,-0.3835448170122045,44.7,0.0,298.0,,,T20I only,0.136513464560872
2023,"2020,2021,2022",Dushmantha Chameera,0.39741334273504303,0.0722092040032709,1140.9,882.0,1726.0,84.0,798.0,IPL+T20I,0.10928866925213683
2023,"2020,2021,2022",Dwaine Pretorius,0.5217688235928829,0.1145825362814061,635.4,462.0,1156.0,84.0,378.0,IPL+T20I,0.1434864264880428
2023,"2020,2021,2022",Dwayne Bravo,0.6981126764505429,0.2029109473271631,1425.5,1271.0,1030.0,114.0,1157.0,IPL+T20I,0.1919809860238993
2023,"2020,2021,2022",Ebadot Hossain,0.5471558535690149,-0.2774219360428567,31.5,0.0,210.0,,,T20I only,0.15046785973147908
2023,"2020,2021,2022",Eoin Morgan,0.4369990754165344,0.0676674285625822,660.55,580.0,537.0,580.0,0.0,IPL+T20I,0.12017474573954695
2023,"2020,2021,2022",Evin Lewis,0.8570137136373169,0.3321054828130368,478.8,354.0,832.0,354.0,0.0,IPL+T20I,0.23567877125026213
2023,"2020,2021,2022",Fabian Allen,0.12754154675006746,-0.2064179594234879,390.3,249.0,942.0,45.0,204.0,IPL+T20I,0.035073925356268555
2023,"2020,2021,2022",Faf du Plessis,1.066303457281998,0.3299355861070621,2355.65,2336.0,131.0,2336.0,0.0,IPL+T20I,0.2932334507525494
2023,"2020,2021,2022",Faheem Ashraf,0.5784885328565973,0.0482660756422321,67.2,0.0,448.0,,,T20I only,0.15908434653556427
2023,"2020,2021,2022",Fakhar Zaman,0.5473051289337004,0.0429965758509355,125.1,0.0,834.0,,,T20I only,0.15050891045676762
2023,"2020,2021,2022",Fareed Ahmad,0.513325046590857,-0.2901400115442992,46.35,0.0,309.0,,,T20I only,0.14116438781248566
2023,"2020,2021,2022",Fazalhaq Farooqi,0.5352065007265935,0.1045422011870239,370.05,240.0,867.0,24.0,216.0,IPL+T20I,0.14718178769981322
2023,"2020,2021,2022",Finn Allen,0.768471624863547,0.4137958588625423,143.85,0.0,959.0,,,T20I only,0.21132969683747543
2023,"2020,2021,2022",Fionn Hand,0.5483787233107171,-0.1995431035132007,37.8,0.0,252.0,,,T20I only,0.15080414891044722
2023,"2020,2021,2022",Fred Klaassen,0.5719519920468442,0.0136354461642117,60.6,0.0,404.0,,,T20I only,0.15728679781288216
2023,"2020,2021,2022",Gareth Delany,0.5000688488554459,0.0580870202067289,283.8,0.0,1892.0,,,T20I only,0.13751893343524763
2023,"2020,2021,2022",George Dockrell,0.6084624795736152,0.1599719052993845,228.0,0.0,1520.0,,,T20I only,0.16732718188274417
2023,"2020,2021,2022",George Garton,0.2752258397579561,-0.2453324318647595,205.05,192.0,87.0,8.0,184.0,IPL+T20I,0.07568710593343793
2023,"2020,2021,2022",George Linde,0.5588256326990826,0.0381205049145365,97.2,0.0,648.0,,,T20I only,0.1536770489922477
2023,"2020,2021,2022",Glenn Maxwell,0.9757484990361084,0.2975529513221928,2362.1,2102.0,1734.0,1352.0,750.0,IPL+T20I,0.2683308372349298
2023,"2020,2021,2022",Glenn Phillips,0.7038785653148181,0.236362998908179,390.0,90.0,2000.0,66.0,24.0,IPL+T20I,0.19356660546157498
2023,"2020,2021,2022",Gulbadin Naib,0.5350902837310233,-0.0978292535352855,64.5,0.0,430.0,,,T20I only,0.1471498280260314
2023,"2020,2021,2022",Gurkeerat Singh Mann,0.504759510939922,-0.1316889410289209,80.0,80.0,0.0,80.0,0.0,IPL only,0.13880886550847854
2023,"2020,2021,2022",Haider Ali,0.5445632143683119,-0.035501731198176,75.45,0.0,503.0,,,T20I only,0.14975488395128578
2023,"2020,2021,2022",Hamish Bennett,0.5892077435802777,0.043972047473097,45.6,0.0,304.0,,,T20I only,0.16203212948457638
2023,"2020,2021,2022",Harbhajan Singh,0.40342913090195137,-0.3267795707072963,94.0,94.0,0.0,8.0,86.0,IPL only,0.11094301099803663
2023,"2020,2021,2022",Hardik Pandya,0.7086251671863598,0.2019718662492666,2479.5,2046.0,2890.0,1494.0,552.0,IPL+T20I,0.19487192097624895
2023,"2020,2021,2022",Haris Rauf,0.5263974997456429,0.0909750351820042,324.9,0.0,2166.0,,,T20I only,0.14475931243005177
2023,"2020,2021,2022",Harpreet Brar,0.6150860325430878,0.1686326523840314,779.0,779.0,0.0,191.0,588.0,IPL only,0.16914865894934916
2023,"2020,2021,2022",Harry Brook,0.5926019697516046,0.1240342560706373,121.5,0.0,810.0,,,T20I only,0.16296554168169125
2023,"2020,2021,2022",Harry Tector,0.4272230875721766,-0.0819985719284695,183.3,0.0,1222.0,,,T20I only,0.11748634908234855
2023,"2020,2021,2022",Harshal Patel,0.7794589648784291,0.2285818589403247,2195.25,1977.0,1455.0,233.0,1744.0,IPL+T20I,0.214351215341568
2023,"2020,2021,2022",Harshit Rana,0.40998656083710555,-0.2901185181716557,99.0,99.0,0.0,6.0,93.0,IPL only,0.11274630423020403
2023,"2020,2021,2022",Hasan Ali,0.5034440713318269,-0.0648309365355605,107.7,0.0,718.0,,,T20I only,0.1384471196162524
2023,"2020,2021,2022",Hasan Mahmud,0.528190109403176,-0.1453233656955608,58.95,0.0,393.0,,,T20I only,0.1452522800858734
2023,"2020,2021,2022",Hayden Walsh,0.5029292313281171,-0.0119140880805631,146.4,0.0,976.0,,,T20I only,0.13830553861523218
2023,"2020,2021,2022",Hazratullah Zazai,0.6233032227743426,0.1793534368025672,148.5,0.0,990.0,,,T20I only,0.17140838626294422
2023,"2020,2021,2022",Heinrich Klaasen,0.6840055703270478,0.2943802754089572,121.05,0.0,807.0,,,T20I only,0.18810153183993814
2023,"2020,2021,2022",Hrithik Shokeen,0.2872667290739599,-0.0744006471669549,414.0,414.0,0.0,144.0,270.0,IPL only,0.07899835049533897
2023,"2020,2021,2022",Ibrahim Zadran,0.5108299237591047,0.0046820760964452,150.75,0.0,1005.0,,,T20I only,0.14047822903375382
2023,"2020,2021,2022",Iftikhar Ahmed,0.46363158364236257,-0.0014583412338307,229.2,0.0,1528.0,,,T20I only,0.12749868550164972
2023,"2020,2021,2022",Imad Wasim,0.5567789195106634,0.0014365985193888,76.64999999999999,0.0,511.0,,,T20I only,0.15311420286543242
2023,"2020,2021,2022",Imran Tahir,0.7932936362603372,0.4915669967553669,124.0,124.0,0.0,10.0,114.0,IPL only,0.21815574997159276
2023,"2020,2021,2022",Ish Sodhi,0.39158860529192435,-0.0351357740980229,304.05,0.0,2027.0,,,T20I only,0.1076868664552792
2023,"2020,2021,2022",Ishan Kishan,0.9306861182323974,0.2869786698516707,1944.3,1758.0,1242.0,1758.0,0.0,IPL+T20I,0.2559386825139093
2023,"2020,2021,2022",Ishan Porel,0.5536526126944393,-0.1024934989100158,48.0,48.0,0.0,0.0,48.0,IPL only,0.15225446849097082
2023,"2020,2021,2022",Ishant Sharma,0.488405331817729,-0.0187009041452733,162.0,162.0,0.0,0.0,162.0,IPL only,0.13431146624987547
2023,"2020,2021,2022",Isuru Udana,0.28533973455872597,-0.2023762926110885,227.45,185.0,283.0,11.0,174.0,IPL+T20I,0.07846842700364964
2023,"2020,2021,2022",JJ Smit,0.5878764147471819,0.008825349012266,36.9,0.0,246.0,,,T20I only,0.16166601405547504
2023,"2020,2021,2022",Jacob Duffy,0.5629073596125879,-0.0575249406086473,49.2,0.0,328.0,,,T20I only,0.15479952389346166
2023,"2020,2021,2022",Jagadeesha Suchith,0.47109503120266255,0.06621726675097,444.0,444.0,0.0,36.0,408.0,IPL only,0.1295511335807322
2023,"2020,2021,2022",Jalaj Saxena,0.551322171352568,-0.2005117471435323,36.0,36.0,0.0,0.0,36.0,IPL only,0.1516135971219562
2023,"2020,2021,2022",James Neesham,0.31087372691836124,-0.025404661992584,531.7,355.0,1178.0,103.0,252.0,IPL+T20I,0.08549027490254933
2023,"2020,2021,2022",James Pattinson,0.4168222938612115,-0.0560275807396878,226.0,226.0,0.0,13.0,213.0,IPL only,0.11462613081183315
2023,"2020,2021,2022",James Vince,0.6517791264424868,0.3513697884862003,38.7,0.0,258.0,,,T20I only,0.17923925977168387
2023,"2020,2021,2022",Jan Frylinck,0.578571257140215,-0.0422767357074589,36.9,0.0,246.0,,,T20I only,0.1591070957135591
2023,"2020,2021,2022",Janneman Malan,0.578242272889134,-0.0086431702075829,44.7,0.0,298.0,,,T20I only,0.15901662504451183
2023,"2020,2021,2022",Jason Holder,0.5574933089548453,0.1474331021363122,1954.65,1626.0,2191.0,329.0,1297.0,IPL+T20I,0.15331065996258247
2023,"2020,2021,2022",Jason Roy,0.6943606949060732,0.2251851436118249,434.0,242.0,1280.0,242.0,0.0,IPL+T20I,0.19094919109917013
2023,"2020,2021,2022",Jasprit Bumrah,1.017548656741383,0.3158173282753986,2141.4,2055.0,576.0,61.0,1994.0,IPL+T20I,0.2798258806038803
2023,"2020,2021,2022",Jayant Yadav,0.6750859347243353,0.2230580684770701,298.0,298.0,0.0,52.0,246.0,IPL only,0.1856486320491922
2023,"2020,2021,2022",Jaydev Unadkat,0.38365080127971335,0.057884000931813,944.0,944.0,0.0,182.0,762.0,IPL only,0.10550397035192118
2023,"2020,2021,2022",Jeffrey Vandersay,0.5240447571278735,-0.303513525293238,40.05,0.0,267.0,,,T20I only,0.14411230821016519
2023,"2020,2021,2022",Jhye Richardson,0.20930337354198075,-0.2348629166785461,268.5,180.0,590.0,48.0,132.0,IPL+T20I,0.05755842772404471
2023,"2020,2021,2022",Jitesh Sharma,0.81280834821877,0.3113068567233,429.0,429.0,0.0,429.0,0.0,IPL only,0.22352229576016175
2023,"2020,2021,2022",Jofra Archer,0.960966129269534,0.4085428808956629,458.7,399.0,398.0,63.0,336.0,IPL+T20I,0.26426568554912183
2023,"2020,2021,2022",Johnson Charles,0.6209718692017487,0.189657559699983,38.7,0.0,258.0,,,T20I only,0.17076726403048093
2023,"2020,2021,2022",Jonny Bairstow,1.052861124885338,0.3546075954102696,1288.9,1147.0,946.0,1147.0,0.0,IPL+T20I,0.2895368093434679
2023,"2020,2021,2022",Jos Buttler,1.3247001939453664,0.4171267977462318,2577.85,2296.0,1879.0,2296.0,0.0,IPL+T20I,0.3642925533349758
2023,"2020,2021,2022",Josh Davey,0.5442568082191455,-0.2718487410052436,33.3,0.0,222.0,,,T20I only,0.149670622260265
2023,"2020,2021,2022",Josh Hazlewood,0.689168615423262,0.197782532862076,1677.6,1395.0,1884.0,78.0,1317.0,IPL+T20I,0.18952136924139706
2023,"2020,2021,2022",Josh Inglis,0.6418987903832617,0.2443211241908807,70.2,0.0,468.0,,,T20I only,0.17652216735539697
2023,"2020,2021,2022",Josh Little,0.47020122313842067,0.008938202030877,235.05,0.0,1567.0,,,T20I only,0.12930533636306568
2023,"2020,2021,2022",Josh Philippe,0.5298031831367186,-0.0008103757271989,114.8,77.0,252.0,77.0,0.0,IPL+T20I,0.1456958753625976
2023,"2020,2021,2022",Junaid Siddique,0.5487878196041539,-0.0928680737778817,54.0,0.0,360.0,,,T20I only,0.15091665039114233
2023,"2020,2021,2022",KL Rahul,1.1899267775390134,0.3636200131061296,3029.8,2785.0,1632.0,2785.0,0.0,IPL+T20I,0.32722986382322866
2023,"2020,2021,2022",Kagiso Rabada,0.509072494320797,0.1313121598874093,2396.65,2137.0,1731.0,190.0,1947.0,IPL+T20I,0.13999493593821918
2023,"2020,2021,2022",Kamlesh Nagarkoti,0.12952240237426998,-0.3383772274820557,251.0,251.0,0.0,35.0,216.0,IPL only,0.035618660652924246
2023,"2020,2021,2022",Kane Richardson,0.47149768869122466,-0.0315032235746613,174.0,36.0,920.0,0.0,36.0,IPL+T20I,0.12966186439008678
2023,"2020,2021,2022",Kane Williamson,0.3952298766108333,0.0832123631528356,1677.05,1412.0,1767.0,1400.0,12.0,IPL+T20I,0.10868821606797915
2023,"2020,2021,2022",Karim Janat,0.5575360728841462,0.0192846343019983,85.64999999999999,0.0,571.0,,,T20I only,0.1533224200431402
2023,"2020,2021,2022",Karn Sharma,0.4940112022650837,-0.0721194978235784,114.0,114.0,0.0,0.0,114.0,IPL only,0.13585308062289803
2023,"2020,2021,2022",Karthik Meiyappan,0.6486693094865269,0.2694172687759044,66.6,0.0,444.0,,,T20I only,0.1783840601087949
2023,"2020,2021,2022",Kartik Tyagi,0.2779803351790571,-0.0357458130782652,582.0,582.0,0.0,32.0,550.0,IPL only,0.07644459217424071
2023,"2020,2021,2022",Karun Nair,0.48317278928693214,-0.2464696659048071,68.0,68.0,0.0,68.0,0.0,IPL only,0.13287251705390632
2023,"2020,2021,2022",Kashif Daud,0.5301632770855342,-0.2870112884645683,38.7,0.0,258.0,,,T20I only,0.1457949011985219
2023,"2020,2021,2022",Kasun Rajitha,0.5570783056126071,-0.1324443683886338,40.5,0.0,270.0,,,T20I only,0.15319653404346695
2023,"2020,2021,2022",Kedar Jadhav,0.3592274666090099,-0.1932991705454195,170.0,170.0,0.0,170.0,0.0,IPL only,0.09878755331747772
2023,"2020,2021,2022",Keemo Paul,0.5136656242574733,-0.4288534757716358,34.95,0.0,233.0,,,T20I only,0.14125804667080516
2023,"2020,2021,2022",Keshav Maharaj,0.49609162018306324,0.0282153836019335,215.4,0.0,1436.0,,,T20I only,0.13642519555034238
2023,"2020,2021,2022",Kevin O'Brien,0.5896676718741476,0.1071741492965065,96.3,0.0,642.0,,,T20I only,0.1621586097653906
2023,"2020,2021,2022",Kevin Sinclair,0.5660694372056597,-0.1246062243364617,35.1,0.0,234.0,,,T20I only,0.15566909523155642
2023,"2020,2021,2022",Khaleel Ahmed,0.6702859871798402,0.1928486649354497,1200.0,1200.0,0.0,12.0,1188.0,IPL only,0.18432864647445607
2023,"2020,2021,2022",Khushdil Shah,0.47260230994345104,-0.2117174306318813,81.45,0.0,543.0,,,T20I only,0.12996563523444904
2023,"2020,2021,2022",Kieron Pollard,0.44458507064320224,0.101430520885321,1594.95,1410.0,1233.0,872.0,538.0,IPL+T20I,0.12226089442688061
2023,"2020,2021,2022",Krishnappa Gowtham,0.35695577939371476,-0.0722182587811395,294.0,294.0,0.0,30.0,264.0,IPL only,0.09816283933327155
2023,"2020,2021,2022",Krunal Pandya,0.4360516924197503,0.1038060705375727,2164.5,2160.0,30.0,773.0,1387.0,IPL+T20I,0.11991421541543133
2023,"2020,2021,2022",Kuldeep Sen,0.5433016589520043,0.1186277375307057,462.0,462.0,0.0,9.0,453.0,IPL only,0.1494079562118012
2023,"2020,2021,2022",Kuldeep Yadav,0.2693051849046222,0.0177102366155271,1188.4,1144.0,296.0,177.0,967.0,IPL+T20I,0.07405892584877109
2023,"2020,2021,2022",Kuldip Yadav,0.5371976596367242,-0.3333794216891983,32.0,32.0,0.0,8.0,24.0,IPL only,0.14772935640009915
2023,"2020,2021,2022",Kumar Kartikeya,0.7971035159416053,0.3583054606182069,249.0,249.0,0.0,15.0,234.0,IPL only,0.21920346688394146
2023,"2020,2021,2022",Kusal Mendis,0.6465969819834563,0.2067041912282527,196.05,0.0,1307.0,,,T20I only,0.17781417004545047
2023,"2020,2021,2022",Kusal Perera,0.5477204496153397,-0.0204561319920457,78.14999999999999,0.0,521.0,,,T20I only,0.15062312364421843
2023,"2020,2021,2022",Kyle Jamieson,0.3140235124549972,-0.0304266123845415,499.7,452.0,318.0,110.0,342.0,IPL+T20I,0.08635646592512423
2023,"2020,2021,2022",Kyle Mayers,0.6012522861347218,0.1461041696600993,159.29999999999998,0.0,1062.0,,,T20I only,0.1653443786870485
2023,"2020,2021,2022",Lahiru Kumara,0.47909720547445594,-0.0549698584143992,142.35,0.0,949.0,,,T20I only,0.1317517315054754
2023,"2020,2021,2022",Lakshan Sandakan,0.5780926016200427,-0.0639342995046722,33.75,0.0,225.0,,,T20I only,0.15897546544551175
2023,"2020,2021,2022",Lalit Yadav,0.337219467227043,0.0427897715247666,1079.0,1079.0,0.0,584.0,495.0,IPL only,0.09273535348743682
2023,"2020,2021,2022",Lendl Simmons,0.6066397211953519,0.1482555565812706,109.2,0.0,728.0,,,T20I only,0.1668259233287218
2023,"2020,2021,2022",Liam Dawson,0.5768670926564055,0.0046877551914462,50.4,0.0,336.0,,,T20I only,0.15863845048051148
2023,"2020,2021,2022",Liam Livingstone,0.9023248563274404,0.2865478331733581,1429.15,1216.0,1421.0,802.0,414.0,IPL+T20I,0.2481393354900461
2023,"2020,2021,2022",Litton Das,0.6902572145119474,0.2446365665044148,256.65,0.0,1711.0,,,T20I only,0.18982073399078556
2023,"2020,2021,2022",Lizaad Williams,0.6229908883151334,0.1962050636585783,45.0,0.0,300.0,,,T20I only,0.1713224942866617
2023,"2020,2021,2022",Lockie Ferguson,0.6215853556700062,0.1714908281330554,1530.4,1408.0,816.0,63.0,1345.0,IPL+T20I,0.17093597280925169
2023,"2020,2021,2022",Logan van Beek,0.5687742861758851,-0.0079077113381223,56.7,0.0,378.0,,,T20I only,0.15641292869836843
2023,"2020,2021,2022",Lorcan Tucker,0.5673467245057939,0.1116447493706613,216.15,0.0,1441.0,,,T20I only,0.15602034923909333
2023,"2020,2021,2022",Luke Jongwe,0.5818305512024343,0.1048908112812906,123.45,0.0,823.0,,,T20I only,0.16000340158066945
2023,"2020,2021,2022",Lukman Meriwala,0.48234732209448666,-0.5503589831539705,38.0,38.0,0.0,0.0,38.0,IPL only,0.13264551357598384
2023,"2020,2021,2022",Lungi Ngidi,0.3984619183098822,0.0098089917430977,422.0,242.0,1200.0,0.0,242.0,IPL+T20I,0.10957702753521761
2023,"2020,2021,2022",M Shahrukh Khan,0.4444182783802496,0.0619695341800598,552.0,552.0,0.0,552.0,0.0,IPL only,0.12221502655456865
2023,"2020,2021,2022",MS Dhoni,0.3436227448109971,0.0390660948200663,950.0,950.0,0.0,950.0,0.0,IPL only,0.09449625482302419
2023,"2020,2021,2022",Mahedi Hasan,0.3854977967444598,-0.0885679684852318,229.2,0.0,1528.0,,,T20I only,0.10601189410472643
2023,"2020,2021,2022",Maheesh Theekshana,0.5303253673668624,0.1277106567233433,922.2,651.0,1808.0,21.0,630.0,IPL+T20I,0.14583947602588715
2023,"2020,2021,2022",Mahipal Lomror,0.6287410120577285,0.1774386346136061,491.0,491.0,0.0,371.0,120.0,IPL only,0.17290377831587533
2023,"2020,2021,2022",Mahmudullah,0.4624913589293478,-0.0048026590294803,225.6,0.0,1504.0,,,T20I only,0.12718512370557064
2023,"2020,2021,2022",Manan Vohra,0.3346636893120814,-0.3979068564873873,111.0,111.0,0.0,111.0,0.0,IPL only,0.09203251456082238
2023,"2020,2021,2022",Mandeep Singh,0.4506028479061198,-0.0317394700151319,206.0,206.0,0.0,206.0,0.0,IPL only,0.12391578317418295
2023,"2020,2021,2022",Manish Pandey,0.5582513898399991,0.1427942477177933,1057.6,1045.0,84.0,1045.0,0.0,IPL+T20I,0.15351913220599975
2023,"2020,2021,2022",Marco Jansen,0.5659257941875753,0.1414532534133396,695.9,677.0,126.0,27.0,650.0,IPL+T20I,0.1556295934015832
2023,"2020,2021,2022",Marcus Stoinis,0.4944707456153786,0.1187477119488678,1370.75,1139.0,1545.0,699.0,440.0,IPL+T20I,0.13597945504422912
2023,"2020,2021,2022",Mark Adair,0.4467574296328224,0.0012899211845695,269.85,0.0,1799.0,,,T20I only,0.12285829314902616
2023,"2020,2021,2022",Mark Chapman,0.6108528293559298,0.1465231395735784,56.7,0.0,378.0,,,T20I only,0.1679845280728807
2023,"2020,2021,2022",Mark Watt,0.6652018905246947,0.3097526535990481,72.89999999999999,0.0,486.0,,,T20I only,0.18293051989429104
2023,"2020,2021,2022",Mark Wood,0.6234329074002213,0.1795654131725106,148.35,0.0,989.0,,,T20I only,0.17144404953506084
2023,"2020,2021,2022",Martin Guptill,0.6091493468253175,0.1604136284686712,217.5,0.0,1450.0,,,T20I only,0.1675160703769623
2023,"2020,2021,2022",Matheesha Pathirana,0.6925349866793944,0.3011027625027868,131.1,123.0,54.0,0.0,123.0,IPL+T20I,0.19044712133683345
2023,"2020,2021,2022",Matt Parkinson,0.5127759309563104,-0.4389769124888096,34.65,0.0,231.0,,,T20I only,0.14101338101298536
2023,"2020,2021,2022",Matthew Wade,0.635543613120643,0.1807608067058522,590.7,414.0,1178.0,414.0,0.0,IPL+T20I,0.17477449360817682
2023,"2020,2021,2022",Mayank Agarwal,1.1590736793675898,0.3943911304985558,1379.0,1379.0,0.0,1379.0,0.0,IPL only,0.3187452618260872
2023,"2020,2021,2022",Mayank Markande,0.5219693660443541,0.0304123940857234,162.0,162.0,0.0,0.0,162.0,IPL only,0.14354157566219736
2023,"2020,2021,2022",Mehidy Hasan Miraz,0.5438355345089063,-0.0541636982259597,69.3,0.0,462.0,,,T20I only,0.14955477198994924
2023,"2020,2021,2022",Michael Bracewell,0.852510069973305,0.7587708027025468,86.39999999999999,0.0,576.0,,,T20I only,0.2344402692426589
2023,"2020,2021,2022",Mitchell Marsh,0.8364707810281833,0.2699354958542618,1057.85,788.0,1799.0,568.0,220.0,IPL+T20I,0.2300294647827504
2023,"2020,2021,2022",Mitchell Santner,0.4521245494866431,0.0812826866064581,738.0,465.0,1820.0,81.0,384.0,IPL+T20I,0.12433425110882684
2023,"2020,2021,2022",Mitchell Starc,0.37984307302941966,-0.0860215323226367,239.85,0.0,1599.0,,,T20I only,0.1044568450830904
2023,"2020,2021,2022",Mitchell Swepson,0.5626124820058078,-0.139486822148933,35.7,0.0,238.0,,,T20I only,0.15471843255159715
2023,"2020,2021,2022",Moeen Ali,0.701299488098035,0.2003357683705302,2165.45,1832.0,2223.0,1067.0,765.0,IPL+T20I,0.19285735922695962
2023,"2020,2021,2022",Mohammad Hafeez,0.6332402191401751,0.201413651141474,113.4,0.0,756.0,,,T20I only,0.17414106026354817
2023,"2020,2021,2022",Mohammad Haris,0.6252078414005249,0.2177537590717844,33.75,0.0,225.0,,,T20I only,0.17193215638514434
2023,"2020,2021,2022",Mohammad Hasnain,0.49603438367679903,-0.0412622513166373,131.25,0.0,875.0,,,T20I only,0.13640945551111974
2023,"2020,2021,2022",Mohammad Nabi,0.2725578467455598,-0.0914339633022489,398.7,168.0,1538.0,48.0,120.0,IPL+T20I,0.07495340785502894
2023,"2020,2021,2022",Mohammad Naim,0.5310382253415574,0.0536098040498808,179.4,0.0,1196.0,,,T20I only,0.1460355119689283
2023,"2020,2021,2022",Mohammad Nawaz,0.35225567070031205,-0.052177809128558,342.15,0.0,2281.0,,,T20I only,0.0968703094425858
2023,"2020,2021,2022",Mohammad Rizwan,0.6395433111584837,0.1829660723259631,607.1999999999999,0.0,4048.0,,,T20I only,0.17587441056858302
2023,"2020,2021,2022",Mohammad Saifuddin,0.4708110091474324,-0.1551220342829026,99.0,0.0,660.0,,,T20I only,0.1294730275155439
2023,"2020,2021,2022",Mohammad Wasim,0.4860242940315184,-0.0302274721946246,154.04999999999998,0.0,1027.0,,,T20I only,0.13365668085866755
2023,"2020,2021,2022",Mohammed Shami,0.5899705187232545,0.1598208544960053,2163.0,2094.0,460.0,37.0,2057.0,IPL+T20I,0.162241892648895
2023,"2020,2021,2022",Mohammed Siraj,0.0743356749251551,-0.0337908287747782,1926.8,1880.0,312.0,165.0,1715.0,IPL+T20I,0.020442310604417653
2023,"2020,2021,2022",Mohsin Khan,1.1361794702414727,0.468070098307926,642.0,642.0,0.0,48.0,594.0,IPL only,0.31244935431640497
2023,"2020,2021,2022",Moises Henriques,0.691450412485861,0.2514617880674082,233.2,184.0,328.0,64.0,120.0,IPL+T20I,0.1901488634336118
2023,"2020,2021,2022",Mosaddek Hossain,0.5289253866817243,-0.0057506227363577,112.35,0.0,749.0,,,T20I only,0.14545448133747418
2023,"2020,2021,2022",Mujeeb Ur Rahman,0.4151351845681028,-0.0291410937705483,271.4,101.0,1136.0,5.0,96.0,IPL+T20I,0.11416217575622827
2023,"2020,2021,2022",Mukesh Choudhary,0.6316109996512318,0.1770133200700806,837.0,837.0,0.0,18.0,819.0,IPL only,0.17369302490408875
2023,"2020,2021,2022",Murali Vijay,0.5222878594316035,-0.2811526395480125,43.0,43.0,0.0,43.0,0.0,IPL only,0.14362916134369097
2023,"2020,2021,2022",Murugan Ashwin,0.16221521949702183,-0.0486598248893842,939.0,939.0,0.0,94.0,845.0,IPL only,0.04460918536168101
2023,"2020,2021,2022",Mushfiqur Rahim,0.5460325811397266,-0.0274643671584241,77.1,0.0,514.0,,,T20I only,0.15015895981342484
2023,"2020,2021,2022",Mustafizur Rahman,0.5990097910203731,0.1623050183758842,1443.3,1245.0,1322.0,43.0,1202.0,IPL+T20I,0.16472769253060263
2023,"2020,2021,2022",Najibullah Zadran,0.7264388097901361,0.3237520490888348,169.65,0.0,1131.0,,,T20I only,0.19977067269228743
2023,"2020,2021,2022",Najmul Hossain Shanto,0.5595990970574177,0.0668602723396001,127.35,0.0,849.0,,,T20I only,0.15388975169078986
2023,"2020,2021,2022",Narayan Jagadeesan,0.37437763302625865,-0.2308914082132942,140.0,140.0,0.0,140.0,0.0,IPL only,0.10295384908222112
2023,"2020,2021,2022",Naseem Shah,0.5624834624057949,0.0782271506669576,137.7,0.0,918.0,,,T20I only,0.1546829521615936
2023,"2020,2021,2022",Nasum Ahmed,0.5854033100870676,0.1231283232286546,161.54999999999998,0.0,1077.0,,,T20I only,0.16098591027394357
2023,"2020,2021,2022",Nathan Coulter-Nile,0.5964483694576819,0.1558140027154239,486.0,486.0,0.0,31.0,455.0,IPL only,0.1640233016008625
2023,"2020,2021,2022",Nathan Ellis,0.5597579550640328,0.1205216358617728,330.8,281.0,332.0,38.0,243.0,IPL+T20I,0.15393343764260903
2023,"2020,2021,2022",Navdeep Saini,0.25398575454531247,-0.0717084277834047,493.9,478.0,106.0,41.0,437.0,IPL+T20I,0.06984608249996092
2023,"2020,2021,2022",Naveen-ul-Haq,0.5380393045621988,0.0024644930840827,104.7,0.0,698.0,,,T20I only,0.14796080875460468
2023,"2020,2021,2022",Nicholas Pooran,0.9092056600734548,0.2935289715505414,1292.4,996.0,1976.0,996.0,0.0,IPL+T20I,0.2500315565202001
2023,"2020,2021,2022",Nitish Rana,0.9507473910814997,0.2988952400888163,1715.1,1707.0,54.0,1635.0,72.0,IPL+T20I,0.26145553254741244
2023,"2020,2021,2022",Nurul Hasan,0.5606837055530084,0.0530776790924158,107.55,0.0,717.0,,,T20I only,0.1541880190270773
2023,"2020,2021,2022",Obed McCoy,0.6704218341397462,0.1992084206829193,690.6,486.0,1364.0,15.0,471.0,IPL+T20I,0.1843660043884302
2023,"2020,2021,2022",Odean Smith,-0.06897881312737028,-0.2517376147166366,567.45,405.0,1083.0,132.0,273.0,IPL+T20I,-0.018969173610026827
2023,"2020,2021,2022",Pat Cummins,0.468503450860541,0.1097920520158829,1502.6,1289.0,1424.0,298.0,991.0,IPL+T20I,0.12883844898664878
2023,"2020,2021,2022",Pathum Nissanka,0.5639255617175527,0.1267126836212186,361.35,0.0,2409.0,,,T20I only,0.155079529472327
2023,"2020,2021,2022",Paul Stirling,0.7136766570101216,0.2502239742014479,344.25,0.0,2295.0,,,T20I only,0.19626108067778344
2023,"2020,2021,2022",Paul van Meekeren,0.6344072841031853,0.2343964531904581,55.35,0.0,369.0,,,T20I only,0.17446200312837595
2023,"2020,2021,2022",Phil Salt,0.7286768571416572,0.5141911740303603,68.39999999999999,0.0,456.0,,,T20I only,0.20038613571395572
2023,"2020,2021,2022",Piyush Chawla,0.4147647898190135,-0.1036145897202564,179.0,179.0,0.0,4.0,175.0,IPL only,0.11406031720022872
2023,"2020,2021,2022",Prabhsimran Singh,0.5013056736989567,-0.0994248566676569,94.0,94.0,0.0,94.0,0.0,IPL only,0.1378590602672131
2023,"2020,2021,2022",Pradeep Sangwan,0.8672201288020435,0.5104281592367564,177.0,177.0,0.0,15.0,162.0,IPL only,0.23848553542056194
2023,"2020,2021,2022",Prashant Solanki,0.6472133339030173,0.2315256705029954,108.0,108.0,0.0,0.0,108.0,IPL only,0.17798366682332975
2023,"2020,2021,2022",Prasidh Krishna,0.5433507594746587,0.1416685896901983,1833.0,1833.0,0.0,42.0,1791.0,IPL only,0.14942145885553115
2023,"2020,2021,2022",Praveen Dubey,0.48216405312858024,-0.2934614452531691,61.0,61.0,0.0,13.0,48.0,IPL only,0.13259511461035955
2023,"2020,2021,2022",Praveen Jayawickrama,0.5266177194709335,-0.339405665500278,36.0,0.0,240.0,,,T20I only,0.1448198728545067
2023,"2020,2021,2022",Prithvi Shaw,1.6651832319124127,0.6102637877521367,1324.3,1324.0,2.0,1324.0,0.0,IPL+T20I,0.4579253887759135
2023,"2020,2021,2022",Priyam Garg,0.46875874542151985,0.0491042642499001,358.0,358.0,0.0,358.0,0.0,IPL only,0.12890865499091794
2023,"2020,2021,2022",Quinton de Kock,1.2133506591439487,0.3871669663908075,2145.3,1893.0,1682.0,1893.0,0.0,IPL+T20I,0.3336714312645859
2023,"2020,2021,2022",Rachin Ravindra,0.5887628290072534,0.048676117624393,48.3,0.0,322.0,,,T20I only,0.16190977797699468
2023,"2020,2021,2022",Rahmanullah Gurbaz,0.7417914782919276,0.3415038585495929,174.45,0.0,1163.0,,,T20I only,0.2039926565302801
2023,"2020,2021,2022",Rahul Chahar,0.325249912742786,0.0604844772663426,1940.5,1912.0,190.0,238.0,1674.0,IPL+T20I,0.08944372600426614
2023,"2020,2021,2022",Rahul Tewatia,0.3385144317575911,0.0624038244166381,1748.0,1748.0,0.0,918.0,830.0,IPL only,0.09309146873333755
2023,"2020,2021,2022",Rahul Tripathi,1.3332772140870397,0.4567491641568302,1530.0,1530.0,0.0,1530.0,0.0,IPL only,0.36665123387393594
2023,"2020,2021,2022",Raj Bawa,0.5426313052745624,-0.1924312508964877,42.0,42.0,0.0,42.0,0.0,IPL only,0.14922360895050465
2023,"2020,2021,2022",Rajat Patidar,1.0441747985557304,0.3928005353393954,778.0,778.0,0.0,778.0,0.0,IPL only,0.28714806960282585
2023,"2020,2021,2022",Ramandeep Singh,0.43286355941586746,-0.0365756579649016,228.0,228.0,0.0,120.0,108.0,IPL only,0.11903747883936354
2023,"2020,2021,2022",Rashid Khan,0.8686771102409916,0.2565119200907244,2746.8,2505.0,1612.0,300.0,2205.0,IPL+T20I,0.23888620531627267
2023,"2020,2021,2022",Rasikh Salam,0.5576555947876632,0.0260516398743657,90.0,90.0,0.0,18.0,72.0,IPL only,0.1533552885666074
2023,"2020,2021,2022",Rassie van der Dussen,0.3964400243164119,-0.0668172953945826,241.65,72.0,1131.0,72.0,0.0,IPL+T20I,0.10902100668701327
2023,"2020,2021,2022",Ravi Bishnoi,0.4276755139095267,0.0978878640238341,1849.55,1742.0,717.0,23.0,1719.0,IPL+T20I,0.11761076632511984
2023,"2020,2021,2022",Ravichandran Ashwin,0.6013784708547107,0.1642609993837805,2719.55,2576.0,957.0,523.0,2053.0,IPL+T20I,0.16537907948504546
2023,"2020,2021,2022",Ravindra Jadeja,0.5245570496351276,0.1365350941370346,2310.0,2145.0,1100.0,741.0,1404.0,IPL+T20I,0.14425318864966008
2023,"2020,2021,2022",Reece Topley,0.6581214665025057,0.227079028567753,171.0,0.0,1140.0,,,T20I only,0.18098340328818907
2023,"2020,2021,2022",Reeza Hendricks,0.6628244839055981,0.2238850795366376,211.2,0.0,1408.0,,,T20I only,0.1822767330740395
2023,"2020,2021,2022",Richard Gleeson,0.6144859370030332,0.1601376924050128,58.5,0.0,390.0,,,T20I only,0.16898363267583413
2023,"2020,2021,2022",Richard Ngarava,0.5402699065640529,0.0576121759773311,162.75,0.0,1085.0,,,T20I only,0.14857422430511455
2023,"2020,2021,2022",Rilee Rossouw,0.7737070794977559,0.5301215524373546,94.95,0.0,633.0,,,T20I only,0.21276944686188284
2023,"2020,2021,2022",Riley Meredith,0.4267802206297524,0.06831365340913,747.2,713.0,228.0,3.0,710.0,IPL+T20I,0.11736456067318192
2023,"2020,2021,2022",Rinku Singh,0.8183324537425619,0.3320109467861555,362.0,362.0,0.0,362.0,0.0,IPL only,0.22504142477920455
2023,"2020,2021,2022",Ripal Patel,0.62296793055804,0.1825817996256404,99.0,99.0,0.0,63.0,36.0,IPL only,0.17131618090346099
2023,"2020,2021,2022",Rishabh Pant,0.8294948619448707,0.2509348930074547,1790.75,1625.0,1105.0,1625.0,0.0,IPL+T20I,0.22811108703483945
2023,"2020,2021,2022",Rishi Dhawan,0.5578825326159447,0.1287128418149311,462.0,462.0,0.0,120.0,342.0,IPL only,0.15341769646938477
2023,"2020,2021,2022",Riyan Parag,0.19462463864771395,-0.0485369288125838,797.0,797.0,0.0,639.0,158.0,IPL only,0.05352177562812134
2023,"2020,2021,2022",Robin Uthappa,0.8859872674856738,0.3048849821231346,845.0,845.0,0.0,845.0,0.0,IPL only,0.2436464985585603
2023,"2020,2021,2022",Rohan Mustafa,0.5888276228745688,0.0175701101642508,37.8,0.0,252.0,,,T20I only,0.1619275962905064
2023,"2020,2021,2022",Rohit Sharma,0.7273141375233325,0.2116101411186864,1827.95,1541.0,1913.0,1527.0,14.0,IPL+T20I,0.20001138781891645
2023,"2020,2021,2022",Romario Shepherd,0.3648773517582464,-0.0076577057302681,449.7,285.0,1098.0,123.0,162.0,IPL+T20I,0.10034127173351776
2023,"2020,2021,2022",Roston Chase,0.5725362454717784,0.0166972115569979,61.05,0.0,407.0,,,T20I only,0.15744746750473906
2023,"2020,2021,2022",Rovman Powell,0.6384382502441984,0.1815015958193734,690.15,519.0,1141.0,501.0,18.0,IPL+T20I,0.17557051881715457
2023,"2020,2021,2022",Ruben Trumpelmann,0.5816159568450548,-0.0301933531524404,36.0,0.0,240.0,,,T20I only,0.15994438813239006
2023,"2020,2021,2022",Ruturaj Gaikwad,1.0435808202648944,0.3276431586025733,2018.85,1974.0,299.0,1974.0,0.0,IPL+T20I,0.28698472557284593
2023,"2020,2021,2022",Ryan Burl,0.5786627476524169,0.0868763934617569,102.6,0.0,684.0,,,T20I only,0.15913225560441463
2023,"2020,2021,2022",Sachin Baby,0.5052156311780507,-0.4949486831069821,34.0,34.0,0.0,34.0,0.0,IPL only,0.13893429857396394
2023,"2020,2021,2022",Safyaan Sharif,0.5862311759436345,0.0586032545252867,58.05,0.0,387.0,,,T20I only,0.1612135733844995
2023,"2020,2021,2022",Sai Kishore,1.0107640750652038,0.541036697278781,288.0,288.0,0.0,0.0,288.0,IPL only,0.277960120642931
2023,"2020,2021,2022",Sai Sudharsan,0.7599064110015488,0.2893133090455171,342.0,342.0,0.0,342.0,0.0,IPL only,0.2089742630254259
2023,"2020,2021,2022",Sam Billings,0.6450673731228586,0.1893615181297342,448.65,414.0,231.0,414.0,0.0,IPL+T20I,0.1773935276087861
2023,"2020,2021,2022",Sam Curran,0.5236716493644401,0.1279604500074348,1121.5,853.0,1790.0,199.0,654.0,IPL+T20I,0.14400970357522103
2023,"2020,2021,2022",Sandeep Sharma,0.43701450245465473,0.0849701164426383,985.0,985.0,0.0,29.0,956.0,IPL only,0.12017898817503006
2023,"2020,2021,2022",Sandeep Warrier,0.5226809823238849,-0.2400167653372838,47.4,42.0,36.0,0.0,42.0,IPL+T20I,0.14373727013906837
2023,"2020,2021,2022",Sanjay Yadav,0.4622497898316257,-0.582951446756755,42.0,42.0,0.0,6.0,36.0,IPL only,0.12711869220369706
2023,"2020,2021,2022",Sanju Samson,1.0616646935570282,0.3358696344739429,1948.55,1880.0,457.0,1880.0,0.0,IPL+T20I,0.29195779072818273
2023,"2020,2021,2022",Saqib Mahmood,0.5043068582793943,-0.2207359640168977,60.45,0.0,403.0,,,T20I only,0.13868438602683342
2023,"2020,2021,2022",Sarfaraz Khan,0.12882128484575905,-0.3595654619872411,238.0,238.0,0.0,238.0,0.0,IPL only,0.03542585333258374
2023,"2020,2021,2022",Saurabh Tiwary,0.6503486322165634,0.2021527400010203,274.0,274.0,0.0,274.0,0.0,IPL only,0.17884587385955494
2023,"2020,2021,2022",Scott Kuggeleijn,0.6031091139069437,0.0782328072357276,30.9,0.0,206.0,,,T20I only,0.16585500632440953
2023,"2020,2021,2022",Sean Abbott,0.4902024104207912,-0.0877996775070022,109.8,87.0,152.0,15.0,72.0,IPL+T20I,0.13480566286571757
2023,"2020,2021,2022",Sean Williams,0.6377187439273165,0.2368307404709446,64.35,0.0,429.0,,,T20I only,0.17537265458001206
2023,"2020,2021,2022",Shadab Khan,0.5444675593129127,0.1077173970274964,333.15,0.0,2221.0,,,T20I only,0.149728578811051
2023,"2020,2021,2022",Shahbaz Ahmed,0.3136244107901399,0.0469505923877155,1487.0,1487.0,0.0,650.0,837.0,IPL only,0.08624671296728847
2023,"2020,2021,2022",Shahbaz Nadeem,0.5860295406823386,0.1300941661872454,193.0,193.0,0.0,10.0,183.0,IPL only,0.1611581236876431
2023,"2020,2021,2022",Shaheen Shah Afridi,0.5632089525448835,0.1019349236519997,196.2,0.0,1308.0,,,T20I only,0.15488246194984295
2023,"2020,2021,2022",Shahnawaz Dahani,0.5162518244416111,-0.121276739795045,73.8,0.0,492.0,,,T20I only,0.14196925172144303
2023,"2020,2021,2022",Shakib Al Hasan,0.3484535067340988,0.0325479800000571,817.5,408.0,2730.0,96.0,312.0,IPL+T20I,0.09582471435187717
2023,"2020,2021,2022",Shamarh Brooks,0.5361739148233229,-0.0664417725379523,72.89999999999999,0.0,486.0,,,T20I only,0.14744782657641378
2023,"2020,2021,2022",Shan Masood,0.5627343606316715,0.0828749535815959,145.79999999999998,0.0,972.0,,,T20I only,0.15475194917370966
2023,"2020,2021,2022",Shane Getkate,0.5878484881347691,0.0596674324668014,55.35,0.0,369.0,,,T20I only,0.1616583342370615
2023,"2020,2021,2022",Shane Watson,0.733750974660498,0.2926358995831306,247.0,247.0,0.0,247.0,0.0,IPL only,0.20178151803163694
2023,"2020,2021,2022",Shardul Thakur,0.33293320613375954,0.0663172810718209,2167.9,2083.0,566.0,292.0,1791.0,IPL+T20I,0.09155663168678388
2023,"2020,2021,2022",Shashank Singh,0.645176674242072,0.2078782713638688,177.0,177.0,0.0,141.0,36.0,IPL only,0.1774235854165698
2023,"2020,2021,2022",Sheldon Cottrell,0.4828399749554801,0.0303069087061907,252.35,122.0,869.0,2.0,120.0,IPL+T20I,0.13278099311275704
2023,"2020,2021,2022",Sheldon Jackson,0.1696697539024419,-1.057758801685891,78.0,78.0,0.0,78.0,0.0,IPL only,0.046659182323171525
2023,"2020,2021,2022",Sherfane Rutherford,0.3789341572853547,-0.1923414746837804,154.65,150.0,31.0,150.0,0.0,IPL+T20I,0.10420689325347253
2023,"2020,2021,2022",Shikhar Dhawan,1.0614565823120283,0.3255649418386768,2540.5,2494.0,310.0,2494.0,0.0,IPL+T20I,0.29190056013580784
2023,"2020,2021,2022",Shimron Hetmyer,0.885545142327693,0.2879973537898844,1161.65,1025.0,911.0,1025.0,0.0,IPL+T20I,0.24352491414011557
2023,"2020,2021,2022",Shivam Dube,0.6021663988208472,0.1632071705017654,1209.5,1196.0,90.0,1046.0,150.0,IPL+T20I,0.165595759675733
2023,"2020,2021,2022",Shivam Mavi,0.346281716857099,0.0443525454196677,1025.0,1025.0,0.0,75.0,950.0,IPL only,0.09522747213570222
2023,"2020,2021,2022",Shoriful Islam,0.4321997407120336,-0.1187665614066963,149.85,0.0,999.0,,,T20I only,0.11885492869580924
2023,"2020,2021,2022",Shreyas Gopal,-0.14000656119219537,-0.3254256102499493,508.0,508.0,0.0,70.0,438.0,IPL only,-0.03850180432785373
2023,"2020,2021,2022",Shreyas Iyer,0.8093823869721222,0.2423567768209931,1870.9,1675.0,1306.0,1657.0,18.0,IPL+T20I,0.22258015641733359
2023,"2020,2021,2022",Shubman Gill,1.0558470318157636,0.3274927284923462,2274.0,2274.0,0.0,2274.0,0.0,IPL only,0.29035793374933494
2023,"2020,2021,2022",Siddarth Kaul,0.24531945735188804,-0.0832361699412592,475.0,475.0,0.0,16.0,459.0,IPL only,0.06746285077176921
2023,"2020,2021,2022",Sikandar Raza,0.531629392456267,0.0295323207498054,141.15,0.0,941.0,,,T20I only,0.14619808292547343
2023,"2020,2021,2022",Simarjeet Singh,0.5601938168947616,0.1228033833307166,351.0,351.0,0.0,24.0,327.0,IPL only,0.15405329964605943
2023,"2020,2021,2022",Simi Singh,0.4308486957219307,-0.2678133933017278,92.85,0.0,619.0,,,T20I only,0.11848339132353093
2023,"2020,2021,2022",Sisanda Magala,0.6019201010531138,0.0714122929754229,31.2,0.0,208.0,,,T20I only,0.1655280277896063
2023,"2020,2021,2022",Soumya Sarkar,0.5822105235963733,0.1050526417466709,122.25,0.0,815.0,,,T20I only,0.16010789398900266
2023,"2020,2021,2022",Srikar Bharat,0.6443070135196008,0.1928693227827437,333.0,333.0,0.0,333.0,0.0,IPL only,0.17718442871789022
2023,"2020,2021,2022",Steven Smith,0.6847533521234419,0.2097211469859393,607.5,507.0,670.0,507.0,0.0,IPL+T20I,0.18830717183394652
2023,"2020,2021,2022",Sunil Narine,0.9387732371346876,0.2861625577920936,2211.0,2211.0,0.0,299.0,1912.0,IPL only,0.2581626402120391
2023,"2020,2021,2022",Suresh Raina,0.5686471748496733,0.1198879370666101,256.0,256.0,0.0,256.0,0.0,IPL only,0.15637797308366017
2023,"2020,2021,2022",Suryakumar Yadav,1.3273871820013157,0.4449940439384018,1709.75,1397.0,2085.0,1397.0,0.0,IPL+T20I,0.3650314750503618
2023,"2020,2021,2022",Suyash Prabhudessai,0.42521842069594395,-0.0918303828676986,177.0,177.0,0.0,177.0,0.0,IPL only,0.11693506569138458
2023,"2020,2021,2022",T Natarajan,0.3715748340246188,0.0649856955415162,1271.0,1253.0,120.0,5.0,1248.0,IPL+T20I,0.10218307935677018
2023,"2020,2021,2022",Tabraiz Shamsi,0.5469370143345842,0.1117937845552637,350.15,56.0,1961.0,8.0,48.0,IPL+T20I,0.15040767894201065
2023,"2020,2021,2022",Taskin Ahmed,0.3866758072154505,-0.175384391047197,157.5,0.0,1050.0,,,T20I only,0.10633584698424887
2023,"2020,2021,2022",Temba Bavuma,0.4617579190891973,-0.0763304081611501,147.15,0.0,981.0,,,T20I only,0.12698342774952925
2023,"2020,2021,2022",Tendai Chatara,0.5465542100961034,0.0252969371058349,108.75,0.0,725.0,,,T20I only,0.15030240777642842
2023,"2020,2021,2022",Tilak Varma,0.8348855521979933,0.2739421389382437,945.0,945.0,0.0,909.0,36.0,IPL only,0.2295935268544482
2023,"2020,2021,2022",Tim David,1.2589993613472716,0.7391998456186639,314.4,264.0,336.0,264.0,0.0,IPL+T20I,0.3462248243704997
2023,"2020,2021,2022",Tim Pringle,0.569045424937883,-0.057975148845426,43.2,0.0,288.0,,,T20I only,0.15648749185791783
2023,"2020,2021,2022",Tim Seifert,0.5094443223127755,-0.0330802504764515,119.75,65.0,365.0,65.0,0.0,IPL+T20I,0.14009718863601325
2023,"2020,2021,2022",Tim Southee,0.6975006025699281,0.2058023839875447,1105.3,823.0,1882.0,46.0,777.0,IPL+T20I,0.19181266570673022
2023,"2020,2021,2022",Tom Banton,0.6148639368337828,0.1628633343658371,71.44999999999999,20.0,343.0,20.0,0.0,IPL+T20I,0.16908758262929027
2023,"2020,2021,2022",Tom Curran,0.4974356736288632,0.0794573395878111,402.0,342.0,400.0,96.0,246.0,IPL+T20I,0.13679481024793738
2023,"2020,2021,2022",Tom Latham,0.644805863926743,0.298762215935358,43.8,0.0,292.0,,,T20I only,0.17732161257985432
2023,"2020,2021,2022",Trent Boult,0.4089970432586384,0.0955816777060404,2372.3,2174.0,1322.0,96.0,2078.0,IPL+T20I,0.11247418689612557
2023,"2020,2021,2022",Tristan Stubbs,0.5970183834811168,0.1020007035532695,62.4,12.0,336.0,12.0,0.0,IPL+T20I,0.16418005545730713
2023,"2020,2021,2022",Tushar Deshpande,0.15959908887805735,-0.321600730931567,241.0,241.0,0.0,12.0,229.0,IPL only,0.04388974944146577
2023,"2020,2021,2022",Tymal Mills,0.10857446199062827,-0.2300794886255654,376.65,315.0,411.0,9.0,306.0,IPL+T20I,0.029857977047422775
2023,"2020,2021,2022",Umesh Yadav,0.9951740923343461,0.341987180790654,1065.15,1044.0,141.0,122.0,922.0,IPL+T20I,0.2736728753919452
2023,"2020,2021,2022",Umran Malik,0.5232546761956833,0.1273113767983755,1090.2,1065.0,168.0,24.0,1041.0,IPL+T20I,0.14389503595381292
2023,"2020,2021,2022",Usman Ghani,0.5849587351027881,0.1083310484121379,118.05,0.0,787.0,,,T20I only,0.1608636521532667
2023,"2020,2021,2022",Usman Qadir,0.44644903314798184,-0.1853802101922322,106.65,0.0,711.0,,,T20I only,0.122773484115695
2023,"2020,2021,2022",Vaibhav Arora,0.38495196988855573,-0.0183125865455915,360.0,360.0,0.0,39.0,321.0,IPL only,0.10586179171935282
2023,"2020,2021,2022",Varun Aaron,0.37443990301636587,-0.2085380203256761,150.0,150.0,0.0,10.0,140.0,IPL only,0.10297097332950061
2023,"2020,2021,2022",Varun Chakravarthy,0.5635118668313981,0.1496891653228124,1957.7,1922.0,238.0,77.0,1845.0,IPL+T20I,0.15496576337863446
2023,"2020,2021,2022",Venkatesh Iyer,0.6109275053669939,0.1670800394782268,1299.95,1259.0,273.0,1083.0,176.0,IPL+T20I,0.16800506397592332
2023,"2020,2021,2022",Vijay Shankar,0.5012632181032592,0.0970560487918341,547.0,547.0,0.0,305.0,242.0,IPL only,0.1378473849783963
2023,"2020,2021,2022",Virat Kohli,0.7052453685103289,0.2013234393823359,2296.95,1944.0,2353.0,1944.0,0.0,IPL+T20I,0.19394247634034045
2023,"2020,2021,2022",Virat Singh,0.4774213838980889,-0.3860632344000417,52.0,52.0,0.0,52.0,0.0,IPL only,0.13129088057197444
2023,"2020,2021,2022",Wanindu Hasaranga de Silva,0.4404337863950953,0.1004331317779732,1644.7,1231.0,2758.0,133.0,1098.0,IPL+T20I,0.1211192912586512
2023,"2020,2021,2022",Washington Sundar,0.3599173605921866,0.0649649537885855,1456.0,1396.0,400.0,396.0,1000.0,IPL+T20I,0.0989772741628513
2023,"2020,2021,2022",Wayne Parnell,0.6600340429750662,0.2372373111175238,148.04999999999998,0.0,987.0,,,T20I only,0.1815093618181432
2023,"2020,2021,2022",Wellington Masakadza,0.5728474565806385,0.0689256259786369,96.3,0.0,642.0,,,T20I only,0.1575330505596756
2023,"2020,2021,2022",Wessley Madhevere,0.5404538759867117,-0.2420804553069595,37.8,0.0,252.0,,,T20I only,0.1486248158963457
2023,"2020,2021,2022",Wiaan Mulder,0.6012575158356209,0.0724985871405559,33.0,0.0,220.0,,,T20I only,0.16534581685479574
2023,"2020,2021,2022",Will Young,0.6300316307365121,0.2241858288610107,48.6,0.0,324.0,,,T20I only,0.17325869845254083
2023,"2020,2021,2022",Wriddhiman Saha,0.7786360239721867,0.2398120175309621,1210.0,1210.0,0.0,1210.0,0.0,IPL only,0.21412490659235134
2023,"2020,2021,2022",Yash Dayal,0.6175169534201426,0.1699293784396047,588.0,588.0,0.0,3.0,585.0,IPL only,0.1698171621905392
2023,"2020,2021,2022",Yashasvi Jaiswal,1.189732852113829,0.4413916054742928,965.0,965.0,0.0,962.0,3.0,IPL only,0.327176534331303
2023,"2020,2021,2022",Yasir Ali,0.581148277297361,-0.0484420915866176,33.3,0.0,222.0,,,T20I only,0.15981577625677426
2023,"2020,2021,2022",Yuzvendra Chahal,0.5216290134046525,0.1361598009645599,2523.6,2286.0,1584.0,81.0,2205.0,IPL+T20I,0.14344797868627943
2023,"2020,2021,2022",Zahoor Khan,0.6253634130046767,0.1931208356181818,74.55,0.0,497.0,,,T20I only,0.1719749385762861
2024,"2021,2022,2023",AB de Villiers,0.7004033288513222,0.3022930068571815,211.0,211.0,0.0,211.0,0.0,IPL only,0.1926109154341136
2024,"2021,2022,2023",Aaron Finch,0.35941806953695193,-0.0404251173192486,305.15,122.0,1221.0,122.0,0.0,IPL+T20I,0.09883996912266178
2024,"2021,2022,2023",Aaron Hardie,0.4957215822302879,-0.1313031481670293,60.75,0.0,405.0,,,T20I only,0.13632343511332917
2024,"2021,2022,2023",Aayan Afzal Khan,0.5582282637400663,0.1007564835940683,80.1,0.0,534.0,,,T20I only,0.15351277252851822
2024,"2021,2022,2023",Abdul Samad,0.6781269900420276,0.2239694671312954,503.0,503.0,0.0,485.0,18.0,IPL only,0.18648492226155758
2024,"2021,2022,2023",Abhinav Manohar,0.672554375013359,0.229518863345364,399.0,399.0,0.0,399.0,0.0,IPL only,0.18495245312867373
2024,"2021,2022,2023",Abhishek Sharma,0.5223575451037333,0.1362768731941601,1510.0,1510.0,0.0,1186.0,324.0,IPL only,0.14364832490352666
2024,"2021,2022,2023",Abishek Porel,0.22707259618334727,-0.6684501408702015,93.0,93.0,0.0,93.0,0.0,IPL only,0.0624449639504205
2024,"2021,2022,2023",Adam Milne,0.4174614241196,0.008150902968984,293.7,132.0,1078.0,17.0,115.0,IPL+T20I,0.11480189163289
2024,"2021,2022,2023",Adam Zampa,0.1923413241607867,-0.063587943504837,640.95,444.0,1313.0,48.0,396.0,IPL+T20I,0.052893864144216346
2024,"2021,2022,2023",Adil Rashid,0.3338329108570389,0.001964353273159,527.8499999999999,192.0,2239.0,48.0,144.0,IPL+T20I,0.0918040504856857
2024,"2021,2022,2023",Afif Hossain,0.5162529822228372,0.0869090759917454,223.5,0.0,1490.0,,,T20I only,0.14196957011128022
2024,"2021,2022,2023",Afsar Zazai,0.49420319431056137,-0.1212907743824529,64.35,0.0,429.0,,,T20I only,0.1359058784354044
2024,"2021,2022,2023",Aiden Markram,0.750660252704695,0.2252650725824807,1742.5,1501.0,1610.0,1258.0,243.0,IPL+T20I,0.20643156949379113
2024,"2021,2022,2023",Ajinkya Rahane,1.2317758477159761,0.4896795508676375,831.0,831.0,0.0,831.0,0.0,IPL only,0.33873835812189346
2024,"2021,2022,2023",Akash Deep,0.24172671540579296,-0.1175712741617037,354.0,354.0,0.0,28.0,326.0,IPL only,0.06647484673659307
2024,"2021,2022,2023",Akash Madhwal,0.681209366040026,0.2283622875789245,474.0,474.0,0.0,0.0,474.0,IPL only,0.18733257566100717
2024,"2021,2022,2023",Akash Singh,0.16663055702194915,-0.171685715089147,366.0,366.0,0.0,0.0,366.0,IPL only,0.04582340318103601
2024,"2021,2022,2023",Akeal Hosein,0.3399360408732449,-0.0233915630977716,395.7,102.0,1958.0,30.0,72.0,IPL+T20I,0.09348241124014235
2024,"2021,2022,2023",Akila Dananjaya,0.49448136879378635,-0.4111836607561139,30.15,0.0,201.0,,,T20I only,0.13598237641829125
2024,"2021,2022,2023",Alex Hales,0.634419127587301,0.2920436671466793,88.8,0.0,592.0,,,T20I only,0.17446526008650778
2024,"2021,2022,2023",Ali Naseer,0.5269395254341145,-0.1262255158904113,37.8,0.0,252.0,,,T20I only,0.1449083694943815
2024,"2021,2022,2023",Alzarri Joseph,0.1379721370289195,-0.0468647189900685,1003.75,844.0,1065.0,50.0,794.0,IPL+T20I,0.03794233768295286
2024,"2021,2022,2023",Aman Hakim Khan,0.344936832205881,-0.0462152038972148,321.0,321.0,0.0,309.0,12.0,IPL only,0.09485762885661728
2024,"2021,2022,2023",Ambati Rayudu,0.8279864151509974,0.2775423095196641,957.0,957.0,0.0,957.0,0.0,IPL only,0.22769626416652428
2024,"2021,2022,2023",Amit Mishra,0.23867216623452805,-0.0617688897767171,516.0,516.0,0.0,90.0,426.0,IPL only,0.06563484571449521
2024,"2021,2022,2023",Andile Phehlukwayo,0.4503542507622131,-0.2766578092757468,62.4,0.0,416.0,,,T20I only,0.1238474189596086
2024,"2021,2022,2023",Andre Russell,0.6695611410561089,0.193510884204655,1834.0,1708.0,840.0,972.0,736.0,IPL+T20I,0.18412931379042993
2024,"2021,2022,2023",Andrew Tye,0.4189930425442828,-0.0947840796207131,147.75,132.0,105.0,0.0,132.0,IPL+T20I,0.11522308669967778
2024,"2021,2022,2023",Andy Balbirnie,0.5264430231022492,0.1083797906620747,284.25,0.0,1895.0,,,T20I only,0.14477183135311855
2024,"2021,2022,2023",Andy McBrine,0.5149675561961086,-0.1865790840293722,38.25,0.0,255.0,,,T20I only,0.14161607795392983
2024,"2021,2022,2023",Anmolpreet Singh,0.5285917543069203,0.1106396317017806,286.0,286.0,0.0,286.0,0.0,IPL only,0.1453627324344031
2024,"2021,2022,2023",Anrich Nortje,0.5620643752023261,0.1520871204106682,1405.85,1286.0,799.0,99.0,1187.0,IPL+T20I,0.15456770318063967
2024,"2021,2022,2023",Anuj Rawat,0.026495671275973555,-0.2295676966057457,450.0,450.0,0.0,450.0,0.0,IPL only,0.007286309600892727
2024,"2021,2022,2023",Anukul Roy,0.3200017258987685,-0.0853019035027496,289.0,289.0,0.0,61.0,228.0,IPL only,0.08800047462216133
2024,"2021,2022,2023",Arjun Tendulkar,0.461074145380086,0.0160323632744723,207.0,207.0,0.0,27.0,180.0,IPL only,0.12679538997952366
2024,"2021,2022,2023",Arshad Khan,-0.13261572173316477,-0.4938468099674417,300.0,300.0,0.0,45.0,255.0,IPL only,-0.03646932347662032
2024,"2021,2022,2023",Arshdeep Singh,0.3869910513690211,0.0890672366600464,2142.8,1838.0,2032.0,67.0,1771.0,IPL+T20I,0.10642253912648081
2024,"2021,2022,2023",Ashton Agar,0.5560101032179234,0.1143225574548965,120.6,0.0,804.0,,,T20I only,0.15290277838492897
2024,"2021,2022,2023",Asif Ali,0.5715686977029436,0.1192032657332451,43.65,0.0,291.0,,,T20I only,0.15718139186830948
2024,"2021,2022,2023",Atharva Taide,0.6183847525282505,0.1890592832968866,387.0,387.0,0.0,387.0,0.0,IPL only,0.1700558069452689
2024,"2021,2022,2023",Avesh Khan,0.4863095439442107,0.1224908370364475,1607.05,1495.0,747.0,32.0,1463.0,IPL+T20I,0.13373512458465794
2024,"2021,2022,2023",Axar Patel,0.7043828460127095,0.2021874035737024,2818.75,2533.0,1905.0,895.0,1638.0,IPL+T20I,0.1937052826534951
2024,"2021,2022,2023",Ayush Badoni,0.6189597631261259,0.17951036684993,803.0,803.0,0.0,776.0,27.0,IPL only,0.1702139348596846
2024,"2021,2022,2023",Azmatullah Omarzai,0.5163314477573021,0.0531197394540712,138.29999999999998,0.0,922.0,,,T20I only,0.14199114813325808
2024,"2021,2022,2023",Baba Indrajith,0.45818487956170545,-0.2654013280869291,60.0,60.0,0.0,60.0,0.0,IPL only,0.126000841879469
2024,"2021,2022,2023",Babar Azam,0.48899087520761503,0.0785592050119355,313.95,0.0,2093.0,,,T20I only,0.13447249068209413
2024,"2021,2022,2023",Barry McCarthy,0.4447941509962797,-0.0359198929133537,164.7,0.0,1098.0,,,T20I only,0.12231839152397692
2024,"2021,2022,2023",Basil Hameed,0.512850683030532,-0.1912984475572385,39.0,0.0,260.0,,,T20I only,0.14103393783339632
2024,"2021,2022,2023",Basil Thampi,0.33314139365264867,-0.156068414846966,192.0,192.0,0.0,0.0,192.0,IPL only,0.09161388325447838
2024,"2021,2022,2023",Ben Duckett,0.605310333677809,0.2330928447829686,72.6,0.0,484.0,,,T20I only,0.16646034176139748
2024,"2021,2022,2023",Ben Lister,0.5418546994150181,0.0266602931480651,60.3,0.0,402.0,,,T20I only,0.14901004233912998
2024,"2021,2022,2023",Ben McDermott,0.5672648708164799,0.1194087021464995,67.95,0.0,453.0,,,T20I only,0.15599783947453197
2024,"2021,2022,2023",Ben Stokes,0.20680849293203726,-0.3775434071103263,165.45,69.0,643.0,45.0,24.0,IPL+T20I,0.05687233555631025
2024,"2021,2022,2023",Ben White,0.5031342818544908,-0.203768874257552,43.35,0.0,289.0,,,T20I only,0.13836192750998497
2024,"2021,2022,2023",Bhanuka Rajapaksa,0.8706609116270662,0.3416762304462054,546.9,444.0,686.0,444.0,0.0,IPL+T20I,0.23943175069744319
2024,"2021,2022,2023",Bhuvneshwar Kumar,0.6462343791321262,0.1834080012408368,2233.3,2023.0,1402.0,223.0,1800.0,IPL+T20I,0.1777144542613347
2024,"2021,2022,2023",Binura Fernando,0.561568654130584,0.0734651969825258,44.25,0.0,295.0,,,T20I only,0.1544313798859106
2024,"2021,2022,2023",Bjorn Fortuin,0.4469030542515389,-0.2667126178665662,65.85,0.0,439.0,,,T20I only,0.1228983399191732
2024,"2021,2022,2023",Blair Tickner,0.5041107863812948,-0.1066525008341381,59.7,0.0,398.0,,,T20I only,0.13863046625485606
2024,"2021,2022,2023",Blessing Muzarabani,0.5769908659519684,0.1531560656942192,111.3,0.0,742.0,,,T20I only,0.1586724881367913
2024,"2021,2022,2023",Brad Evans,0.5489136192730095,-0.0205259001004314,35.1,0.0,234.0,,,T20I only,0.1509512453000776
2024,"2021,2022,2023",Brandon King,0.6084721076209201,0.1908909855698604,231.15,0.0,1541.0,,,T20I only,0.16732982959575302
2024,"2021,2022,2023",Cameron Green,0.7058712646220994,0.209300375042239,1593.3,1533.0,402.0,846.0,687.0,IPL+T20I,0.1941145977710773
2024,"2021,2022,2023",Chad Bowes,0.5093553074299811,-0.0541412909316956,70.2,0.0,468.0,,,T20I only,0.1400727095432448
2024,"2021,2022,2023",Chamika Karunaratne,0.26417544041622276,-0.1766078376121903,244.05,0.0,1627.0,,,T20I only,0.07264824611446126
2024,"2021,2022,2023",Charith Asalanka,0.6032486478805282,0.18887808418883,193.2,0.0,1288.0,,,T20I only,0.16589337816714525
2024,"2021,2022,2023",Chetan Sakariya,0.4751774443472758,0.0992211223697612,642.65,638.0,31.0,43.0,595.0,IPL+T20I,0.13067379719550085
2024,"2021,2022,2023",Chris Gayle,0.5575959402576699,0.1315578163663966,199.6,154.0,304.0,154.0,0.0,IPL+T20I,0.15333888357085923
2024,"2021,2022,2023",Chris Greaves,0.578062128307937,0.1458347241144952,31.05,0.0,207.0,,,T20I only,0.15896708528468267
2024,"2021,2022,2023",Chris Jordan,0.01349251562042481,-0.1172759833767676,901.65,699.0,1351.0,73.0,626.0,IPL+T20I,0.0037104417956168225
2024,"2021,2022,2023",Chris Lynn,0.636959180506481,0.487447281321722,35.0,35.0,0.0,35.0,0.0,IPL only,0.17516377463928226
2024,"2021,2022,2023",Chris Morris,0.33271385738006437,-0.0699860687728545,295.0,295.0,0.0,49.0,246.0,IPL only,0.09149631077951771
2024,"2021,2022,2023",Chris Woakes,0.5115622957181429,0.0812199077669201,222.15,78.0,961.0,11.0,67.0,IPL+T20I,0.14067963132248928
2024,"2021,2022,2023",Cole McConchie,0.5242714712962483,-0.0982231221747118,44.4,0.0,296.0,,,T20I only,0.14417465460646828
2024,"2021,2022,2023",Craig Young,0.4775760241760158,-0.1098306331529285,81.89999999999999,0.0,546.0,,,T20I only,0.13133340664840434
2024,"2021,2022,2023",Curtis Campher,0.5732252235454279,0.1518820945187608,232.65,0.0,1551.0,,,T20I only,0.15763693647499266
2024,"2021,2022,2023",Dan Christian,0.4319184894855855,-0.0799026123120139,143.65,124.0,131.0,24.0,100.0,IPL+T20I,0.118777584608536
2024,"2021,2022,2023",Dane Cleaver,0.5295139694602954,-0.1640116073668417,31.5,0.0,210.0,,,T20I only,0.14561634160158124
2024,"2021,2022,2023",Daniel Sams,0.3127797662252571,0.0093011502942852,671.0,620.0,340.0,78.0,542.0,IPL+T20I,0.0860144357119457
2024,"2021,2022,2023",Danushka Gunathilaka,0.5295048261702201,-0.0133925375276365,61.35,0.0,409.0,,,T20I only,0.14561382719681054
2024,"2021,2022,2023",Darshan Nalkande,0.12403852155779235,-0.593084435955444,140.0,140.0,0.0,3.0,137.0,IPL only,0.0341105934283929
2024,"2021,2022,2023",Daryl Mitchell,0.30878856688656925,-0.0669962595116823,343.9,112.0,1546.0,88.0,24.0,IPL+T20I,0.08491685589380654
2024,"2021,2022,2023",Dasun Shanaka,0.4373176199733951,0.0312620941375586,309.0,78.0,1540.0,78.0,0.0,IPL+T20I,0.12026234549268364
2024,"2021,2022,2023",David Miller,0.726901649696079,0.2192364323058486,1460.5,1321.0,930.0,1321.0,0.0,IPL+T20I,0.1998979536664217
2024,"2021,2022,2023",David Warner,1.0115572791453096,0.3190937535864772,2029.55,1931.0,657.0,1931.0,0.0,IPL+T20I,0.2781782517649601
2024,"2021,2022,2023",David Wiese,0.48800950318531633,-0.0239336624746512,112.2,87.0,168.0,33.0,54.0,IPL+T20I,0.13420261337596198
2024,"2021,2022,2023",David Willey,0.6851142148190141,0.2194710255135958,650.25,558.0,615.0,156.0,402.0,IPL+T20I,0.1884064090752289
2024,"2021,2022,2023",Dawid Malan,0.5631801192276009,0.141998095399044,254.15,26.0,1521.0,26.0,0.0,IPL+T20I,0.15487453278759025
2024,"2021,2022,2023",Deepak Chahar,0.34928739352409144,0.0519380071543861,1007.5,943.0,430.0,7.0,936.0,IPL+T20I,0.09605403321912515
2024,"2021,2022,2023",Deepak Hooda,0.5781278452844214,0.1586883617376395,1331.25,1215.0,775.0,1053.0,162.0,IPL+T20I,0.1589851574532159
2024,"2021,2022,2023",Devdutt Padikkal,0.48535978356058596,0.1216650764187358,1545.7,1540.0,38.0,1540.0,0.0,IPL+T20I,0.13347394047916114
2024,"2021,2022,2023",Devon Conway,1.2208580811053684,0.3971647022432954,2007.7,1789.0,1458.0,1789.0,0.0,IPL+T20I,0.3357359723039763
2024,"2021,2022,2023",Dewald Brevis,0.8829114402107071,0.4906243021368257,235.15,232.0,21.0,226.0,6.0,IPL+T20I,0.24280064605794446
2024,"2021,2022,2023",Dhananjaya de Silva,0.4643631323821412,-0.0356321278260467,136.5,0.0,910.0,,,T20I only,0.12769986140508885
2024,"2021,2022,2023",Dhruv Jurel,0.6668516802894846,0.2465820489815537,264.0,264.0,0.0,264.0,0.0,IPL only,0.18338421207960828
2024,"2021,2022,2023",Dilshan Madushanka,0.3927036051738597,-0.3270791489345628,82.95,0.0,553.0,,,T20I only,0.10799349142281142
2024,"2021,2022,2023",Dinesh Chandimal,0.5281136083075751,-0.0329527561937098,56.25,0.0,375.0,,,T20I only,0.14523124228458317
2024,"2021,2022,2023",Dinesh Karthik,0.7987706700786096,0.2661730810346553,904.7,842.0,418.0,842.0,0.0,IPL+T20I,0.21966193427161765
2024,"2021,2022,2023",Dominic Drakes,0.5419225174925776,-0.0288610394840101,41.4,0.0,276.0,,,T20I only,0.14902869231045884
2024,"2021,2022,2023",Duan Jansen,0.44800366057171853,-0.2301880885310603,72.0,72.0,0.0,0.0,72.0,IPL only,0.12320100665722261
2024,"2021,2022,2023",Dushmantha Chameera,0.42546192782723463,0.0767597677462342,740.1,588.0,1014.0,56.0,532.0,IPL+T20I,0.11700203015248951
2024,"2021,2022,2023",Dwaine Pretorius,0.6287394534864148,0.19264073417355,473.6,380.0,624.0,56.0,324.0,IPL+T20I,0.17290334970876406
2024,"2021,2022,2023",Dwayne Bravo,0.5838652305781054,0.1615030184204733,754.55,686.0,457.0,66.0,620.0,IPL+T20I,0.16056293840897895
2024,"2021,2022,2023",Eoin Morgan,0.3530987970330967,-0.1599587016464841,170.05,139.0,207.0,139.0,0.0,IPL+T20I,0.09710216918410158
2024,"2021,2022,2023",Evin Lewis,0.5892061827002779,0.1685439590738781,266.8,205.0,412.0,205.0,0.0,IPL+T20I,0.16203170024257643
2024,"2021,2022,2023",Fabian Allen,0.2858512575643017,-0.1913211206180501,209.9,140.0,466.0,26.0,114.0,IPL+T20I,0.07860909583018297
2024,"2021,2022,2023",Faf du Plessis,1.2408910655782412,0.3898452763585097,2617.0,2617.0,0.0,2617.0,0.0,IPL only,0.3412450430340163
2024,"2021,2022,2023",Faheem Ashraf,0.521747526751971,-0.0242796182693494,67.05,0.0,447.0,,,T20I only,0.14348056985679203
2024,"2021,2022,2023",Fakhar Zaman,0.4953420573968198,-0.043148023339701,91.05,0.0,607.0,,,T20I only,0.13621906578412543
2024,"2021,2022,2023",Fareed Ahmad,0.4775127236986783,-0.1722711008540863,65.1,0.0,434.0,,,T20I only,0.13131599901713653
2024,"2021,2022,2023",Fazalhaq Farooqi,0.5665456003029098,0.1510691614688409,554.8,415.0,932.0,31.0,384.0,IPL+T20I,0.1558000400833002
2024,"2021,2022,2023",Finn Allen,0.6938421127068621,0.3258676129848734,162.0,0.0,1080.0,,,T20I only,0.1908065809943871
2024,"2021,2022,2023",Fionn Hand,0.46564393482924565,-0.4287222123407053,39.6,0.0,264.0,,,T20I only,0.12805208207804256
2024,"2021,2022,2023",Fred Klaassen,0.5641631552616836,0.0757803342159308,38.85,0.0,259.0,,,T20I only,0.15514486769696298
2024,"2021,2022,2023",Gareth Delany,0.46436622885703116,0.0212335665238703,209.4,0.0,1396.0,,,T20I only,0.12770071293568358
2024,"2021,2022,2023",George Dockrell,0.581236277147075,0.1608791573872236,195.6,0.0,1304.0,,,T20I only,0.15983997621544566
2024,"2021,2022,2023",George Garton,0.3730036789435041,-0.2783362262751366,104.7,96.0,58.0,4.0,92.0,IPL+T20I,0.10257601170946364
2024,"2021,2022,2023",George Linde,0.5586552977565884,0.0531799112353301,41.25,0.0,275.0,,,T20I only,0.1536302068830618
2024,"2021,2022,2023",Gerald Coetzee,0.4911736656873047,-0.2310338416968042,46.8,0.0,312.0,,,T20I only,0.13507275806400879
2024,"2021,2022,2023",Glenn Maxwell,1.2605260414180133,0.4084679919504499,2118.4,1936.0,1216.0,1366.0,570.0,IPL+T20I,0.34664466138995365
2024,"2021,2022,2023",Glenn Phillips,0.6702806562304394,0.224545862923075,431.25,165.0,1775.0,99.0,66.0,IPL+T20I,0.18432718046337085
2024,"2021,2022,2023",Graham Hume,0.5065529695512158,-0.2769467696437001,34.05,0.0,227.0,,,T20I only,0.13930206662658431
2024,"2021,2022,2023",Gudakesh Motie,0.5990967695974678,0.2756011895358141,32.85,0.0,219.0,,,T20I only,0.16475161163930366
2024,"2021,2022,2023",Gulbadin Naib,0.5076103779542923,-0.0384788064502166,78.45,0.0,523.0,,,T20I only,0.1395928539374304
2024,"2021,2022,2023",Gurnoor Brar,0.37213050566880596,-0.5651573971471959,60.0,60.0,0.0,0.0,60.0,IPL only,0.10233588905892163
2024,"2021,2022,2023",Haider Ali,0.5152575271896047,-0.178756629500122,39.0,0.0,260.0,,,T20I only,0.1416958199771413
2024,"2021,2022,2023",Harbhajan Singh,0.4586530197653162,-0.3716153814536622,47.0,47.0,0.0,4.0,43.0,IPL only,0.12612958043546196
2024,"2021,2022,2023",Hardik Pandya,0.6108562839455898,0.1700385742347882,2876.2,2434.0,2948.0,1613.0,821.0,IPL+T20I,0.1679854780850372
2024,"2021,2022,2023",Haris Rauf,0.5237161528888632,0.0989021409547485,240.9,0.0,1606.0,,,T20I only,0.14402194204443738
2024,"2021,2022,2023",Harpreet Brar,0.35457969019207536,0.056149291801261,1050.0,1050.0,0.0,231.0,819.0,IPL only,0.09750941480282072
2024,"2021,2022,2023",Harpreet Singh,0.5990061182829146,0.1852010229563264,177.0,177.0,0.0,177.0,0.0,IPL only,0.16472668252780154
2024,"2021,2022,2023",Harry Brook,0.430130911895063,0.0693872044721537,590.7,462.0,858.0,462.0,0.0,IPL+T20I,0.11828600077114232
2024,"2021,2022,2023",Harry Tector,0.41302587013317743,-0.0069318913799513,267.0,0.0,1780.0,,,T20I only,0.11358211428662379
2024,"2021,2022,2023",Harshal Patel,0.4759667385084194,0.1215459725258272,2146.75,1990.0,1045.0,142.0,1848.0,IPL+T20I,0.13089085308981532
2024,"2021,2022,2023",Harshit Rana,0.4337497889942441,0.0447100672850039,378.0,378.0,0.0,7.0,371.0,IPL only,0.11928119197341713
2024,"2021,2022,2023",Hasan Ali,0.5425077390224557,0.0219619132875007,57.0,0.0,380.0,,,T20I only,0.14918962823117535
2024,"2021,2022,2023",Hasan Mahmud,0.5082774985977819,-0.009295319910803,92.85,0.0,619.0,,,T20I only,0.13977631211439004
2024,"2021,2022,2023",Hayden Walsh,0.5031466340974404,-0.0378556197688358,84.14999999999999,0.0,561.0,,,T20I only,0.1383653243767961
2024,"2021,2022,2023",Hazratullah Zazai,0.5346344281756948,0.0801473351030762,131.1,0.0,874.0,,,T20I only,0.14702446774831607
2024,"2021,2022,2023",Heinrich Klaasen,1.5954513660446736,0.6729628813696223,834.45,759.0,503.0,759.0,0.0,IPL+T20I,0.43874912566228524
2024,"2021,2022,2023",Henry Shipley,0.519945039503088,-0.1791067643940881,36.0,0.0,240.0,,,T20I only,0.1429848858633492
2024,"2021,2022,2023",Himanshu Sharma,0.38922444905833437,-0.5736857407660475,54.0,54.0,0.0,0.0,54.0,IPL only,0.10703672349104194
2024,"2021,2022,2023",Hrithik Shokeen,0.08003605543264149,-0.1206238311898439,675.0,675.0,0.0,147.0,528.0,IPL only,0.022009915243976406
2024,"2021,2022,2023",Ibrahim Zadran,0.44514772024060006,-0.0121277691041077,193.2,0.0,1288.0,,,T20I only,0.122415623066165
2024,"2021,2022,2023",Iftikhar Ahmed,0.568931730423351,0.1451429478773039,191.4,0.0,1276.0,,,T20I only,0.15645622586642152
2024,"2021,2022,2023",Ihsanullah,0.6125638395576112,0.2963282784676345,48.75,0.0,325.0,,,T20I only,0.16845505587834309
2024,"2021,2022,2023",Imad Wasim,0.5885550787056709,0.1728870965908732,146.1,0.0,974.0,,,T20I only,0.16185264664405952
2024,"2021,2022,2023",Ish Sodhi,0.3247337042735359,-0.0633161128919922,322.2,0.0,2148.0,,,T20I only,0.08930176867522237
2024,"2021,2022,2023",Ishan Kishan,0.9152225808702253,0.2833973129691009,2033.85,1830.0,1359.0,1830.0,0.0,IPL+T20I,0.251686209739312
2024,"2021,2022,2023",Ishant Sharma,0.631777824263834,0.1925504767808419,528.0,528.0,0.0,3.0,525.0,IPL only,0.17373890167255435
2024,"2021,2022,2023",Jacob Duffy,0.5197430722818258,-0.1508630313689806,39.6,0.0,264.0,,,T20I only,0.1429293448775021
2024,"2021,2022,2023",Jagadeesha Suchith,0.685854434112584,0.2612608945704615,280.0,280.0,0.0,22.0,258.0,IPL only,0.1886099693809606
2024,"2021,2022,2023",James Neesham,0.4270861985940326,0.0378843787919202,370.4,146.0,1496.0,56.0,90.0,IPL+T20I,0.11744870461335895
2024,"2021,2022,2023",Jason Behrendorff,0.47177008739994214,0.1050339121870635,844.8,783.0,412.0,27.0,756.0,IPL+T20I,0.1297367740349841
2024,"2021,2022,2023",Jason Holder,0.11677740983289195,-0.0196758538651036,1722.45,1395.0,2183.0,193.0,1202.0,IPL+T20I,0.032113787704045285
2024,"2021,2022,2023",Jason Roy,0.9375698531458035,0.3448180254792444,790.9,688.0,686.0,688.0,0.0,IPL+T20I,0.257831709615096
2024,"2021,2022,2023",Jasprit Bumrah,0.7779368208419923,0.2495003343164973,1070.3,1010.0,402.0,33.0,977.0,IPL+T20I,0.21393262573154792
2024,"2021,2022,2023",Jayant Yadav,0.5080014974150521,0.0702282554830661,200.0,200.0,0.0,26.0,174.0,IPL only,0.13970041178913933
2024,"2021,2022,2023",Jaydev Unadkat,0.30784075304600883,0.0027415593497532,640.0,640.0,0.0,124.0,516.0,IPL only,0.08465620708765242
2024,"2021,2022,2023",Jhye Richardson,0.29627988734397354,-0.3008304195771004,142.95,90.0,353.0,24.0,66.0,IPL+T20I,0.08147696901959273
2024,"2021,2022,2023",Jitesh Sharma,1.0951708029845242,0.4112370980117164,900.7,880.0,138.0,880.0,0.0,IPL+T20I,0.30117197082074415
2024,"2021,2022,2023",Joe Root,0.4382329282800137,-0.2168301523737314,81.0,81.0,0.0,45.0,36.0,IPL only,0.12051405527700378
2024,"2021,2022,2023",Jofra Archer,0.4600104506832829,0.0724102567110111,427.65,378.0,331.0,12.0,366.0,IPL+T20I,0.1265028739379028
2024,"2021,2022,2023",Johnson Charles,0.5868887681444398,0.178964048711727,73.5,0.0,490.0,,,T20I only,0.16139441123972093
2024,"2021,2022,2023",Jonny Bairstow,0.7692556562906988,0.2683313173722073,640.95,525.0,773.0,525.0,0.0,IPL+T20I,0.2115453054799422
2024,"2021,2022,2023",Jos Buttler,1.0260804526217076,0.3178307945231335,2407.15,2170.0,1581.0,2170.0,0.0,IPL+T20I,0.28217212447096957
2024,"2021,2022,2023",Josh Hazlewood,0.6085603708730246,0.1720629038168746,1160.2,994.0,1108.0,58.0,936.0,IPL+T20I,0.16735410199008177
2024,"2021,2022,2023",Josh Inglis,0.69198424919439,0.439395766402391,86.39999999999999,0.0,576.0,,,T20I only,0.19029566852845725
2024,"2021,2022,2023",Josh Little,0.4534198041112821,0.0932189723159506,775.35,612.0,1089.0,0.0,612.0,IPL+T20I,0.12469044613060257
2024,"2021,2022,2023",Junaid Siddique,0.479772416314871,-0.0412572931567754,111.6,0.0,744.0,,,T20I only,0.13193741448658952
2024,"2021,2022,2023",KL Rahul,0.9981455462221693,0.3108372867462228,2213.6,2087.0,844.0,2087.0,0.0,IPL+T20I,0.27449002521109656
2024,"2021,2022,2023",KM Asif,0.35351697398909726,-0.0614472031374018,275.0,275.0,0.0,6.0,269.0,IPL only,0.09721716784700174
2024,"2021,2022,2023",Kagiso Rabada,0.3683244518075434,0.0758710045826037,1604.45,1442.0,1083.0,98.0,1344.0,IPL+T20I,0.10128922424707444
2024,"2021,2022,2023",Kamlesh Nagarkoti,0.4014840661667248,-0.7948296917125102,38.0,38.0,0.0,2.0,36.0,IPL only,0.11040811819584932
2024,"2021,2022,2023",Kane Richardson,0.421990506913575,-0.1811858651888011,102.45,18.0,563.0,0.0,18.0,IPL+T20I,0.11604738940123312
2024,"2021,2022,2023",Kane Williamson,0.3597470936826227,0.0488319808929369,847.0,697.0,1000.0,697.0,0.0,IPL+T20I,0.09893045076272124
2024,"2021,2022,2023",Karan Sharma,0.2458850477196982,-0.8387456657865237,71.0,71.0,0.0,71.0,0.0,IPL only,0.06761838812291701
2024,"2021,2022,2023",Karim Janat,0.5040396993314971,0.0241918900538743,128.1,0.0,854.0,,,T20I only,0.13861091731616168
2024,"2021,2022,2023",Karn Sharma,0.04779443031672804,-0.2417925806122581,402.0,402.0,0.0,15.0,387.0,IPL only,0.01314346833710021
2024,"2021,2022,2023",Karthik Meiyappan,0.570436391210131,0.1125268821534247,42.3,0.0,282.0,,,T20I only,0.15687000758278602
2024,"2021,2022,2023",Kartik Tyagi,0.13067388564073984,-0.2311325719666045,324.0,324.0,0.0,16.0,308.0,IPL only,0.03593531855120345
2024,"2021,2022,2023",Karun Nair,0.5021744782890081,-0.2790168085532489,36.0,36.0,0.0,36.0,0.0,IPL only,0.13809798152947722
2024,"2021,2022,2023",Kasun Rajitha,0.55364784260863,0.0881287397500046,79.64999999999999,0.0,531.0,,,T20I only,0.15225315671737324
2024,"2021,2022,2023",Kedar Jadhav,0.5392257211343808,0.0521435587358097,82.0,82.0,0.0,82.0,0.0,IPL only,0.14828707331195473
2024,"2021,2022,2023",Keshav Maharaj,0.45124806387214467,-0.032447099169467,158.54999999999998,0.0,1057.0,,,T20I only,0.12409321756483979
2024,"2021,2022,2023",Kevin O'Brien,0.5662292023611792,0.0889071087815335,40.2,0.0,268.0,,,T20I only,0.1557130306493243
2024,"2021,2022,2023",Khaleel Ahmed,0.465233759446675,0.1101091300846388,1241.0,1241.0,0.0,6.0,1235.0,IPL only,0.12793928384783562
2024,"2021,2022,2023",Khushdil Shah,0.4733704318409757,-0.1799424583059394,66.3,0.0,442.0,,,T20I only,0.13017686875626833
2024,"2021,2022,2023",Kieron Pollard,0.3457061019330683,0.036708310574267,773.4,681.0,616.0,433.0,248.0,IPL+T20I,0.09506917803159377
2024,"2021,2022,2023",Krishnappa Gowtham,0.43004836359958254,0.0652350256399906,545.0,545.0,0.0,113.0,432.0,IPL only,0.1182632999898852
2024,"2021,2022,2023",Krunal Pandya,0.38525054506950174,0.0897923924852103,2323.25,2321.0,15.0,908.0,1413.0,IPL+T20I,0.10594389989411297
2024,"2021,2022,2023",Kuldeep Sen,0.43355481445253696,0.0418976623813002,365.0,365.0,0.0,6.0,359.0,IPL only,0.11922757397444766
2024,"2021,2022,2023",Kuldeep Yadav,0.3610547253090669,0.0763427722912322,1838.2,1726.0,748.0,248.0,1478.0,IPL+T20I,0.0992900494599934
2024,"2021,2022,2023",Kuldip Yadav,0.42036552915161823,-0.1010498678771478,142.0,142.0,0.0,4.0,138.0,IPL only,0.11560052051669502
2024,"2021,2022,2023",Kulwant Khejroliya,0.3853819878024893,-0.3404328921832798,84.0,84.0,0.0,0.0,84.0,IPL only,0.10598004664568456
2024,"2021,2022,2023",Kumar Kartikeya,0.3419258448969862,0.0240082418948508,655.0,655.0,0.0,31.0,624.0,IPL only,0.09402960734667119
2024,"2021,2022,2023",Kusal Mendis,0.6461771255393476,0.2458918236012176,186.3,0.0,1242.0,,,T20I only,0.1776987095233206
2024,"2021,2022,2023",Kusal Perera,0.5165952496770505,-0.0179380573293987,76.5,0.0,510.0,,,T20I only,0.1420636936611889
2024,"2021,2022,2023",Kyle Jamieson,0.3948026712306477,-0.0273211363244146,262.6,226.0,244.0,55.0,171.0,IPL+T20I,0.10857073458842813
2024,"2021,2022,2023",Kyle Mayers,0.9338830135064098,0.3192035356836338,1091.4,921.0,1136.0,789.0,132.0,IPL+T20I,0.2568178287142627
2024,"2021,2022,2023",Lahiru Kumara,0.4892635795184219,-0.0536404775283048,93.0,0.0,620.0,,,T20I only,0.13454748436756603
2024,"2021,2022,2023",Lalit Yadav,0.2499352541751338,0.0097598543741368,1078.0,1078.0,0.0,542.0,536.0,IPL only,0.06873219489816179
2024,"2021,2022,2023",Lendl Simmons,0.5624992782637184,0.0802914884548414,45.75,0.0,305.0,,,T20I only,0.15468730152252255
2024,"2021,2022,2023",Liam Dawson,0.5694866492584372,0.0953427710650274,33.6,0.0,224.0,,,T20I only,0.15660882854607022
2024,"2021,2022,2023",Liam Livingstone,0.7261702565042278,0.2167906162647365,1644.05,1436.0,1387.0,1034.0,402.0,IPL+T20I,0.19969682053866264
2024,"2021,2022,2023",Litton Das,0.6636238162065358,0.2426909099819836,266.85,12.0,1699.0,12.0,0.0,IPL+T20I,0.18249654945679733
2024,"2021,2022,2023",Lizaad Williams,0.5348656533542306,0.0161108588327317,66.6,0.0,444.0,,,T20I only,0.14708805467241343
2024,"2021,2022,2023",Lockie Ferguson,0.4007099558546478,0.077025391946157,1041.55,919.0,817.0,19.0,900.0,IPL+T20I,0.11019523786002815
2024,"2021,2022,2023",Logan van Beek,0.54251362659261,-0.0473086549779475,36.9,0.0,246.0,,,T20I only,0.14919124731296776
2024,"2021,2022,2023",Lorcan Tucker,0.44101860704450896,-0.009078217162732,205.5,0.0,1370.0,,,T20I only,0.12128011693723995
2024,"2021,2022,2023",Luke Jongwe,0.49515765464932815,-0.0335244494671996,96.45,0.0,643.0,,,T20I only,0.13616835502856525
2024,"2021,2022,2023",Luke Wood,0.5392753463702944,-0.0339727829271163,43.2,0.0,288.0,,,T20I only,0.14830072025183097
2024,"2021,2022,2023",Lungi Ngidi,0.44243878639256595,-0.0097556194076862,201.75,72.0,865.0,0.0,72.0,IPL+T20I,0.12167066625795564
2024,"2021,2022,2023",M Shahrukh Khan,0.49302141993794013,0.1081657006535892,612.0,612.0,0.0,612.0,0.0,IPL only,0.13558089048293354
2024,"2021,2022,2023",MS Dhoni,0.4885645513331355,0.1073888244270348,654.0,654.0,0.0,654.0,0.0,IPL only,0.13435525161661224
2024,"2021,2022,2023",Mahedi Hasan,0.43534205202172993,-0.049258962963292,165.0,0.0,1100.0,,,T20I only,0.11971906430597573
2024,"2021,2022,2023",Maheesh Theekshana,0.3292922808863599,0.0595646460816674,1558.4,1316.0,1616.0,14.0,1302.0,IPL+T20I,0.09055537724374897
2024,"2021,2022,2023",Mahipal Lomror,0.4857942241471308,0.1022669782520308,580.0,580.0,0.0,478.0,102.0,IPL only,0.13359341164046099
2024,"2021,2022,2023",Mahmudullah,0.5033348732404594,0.0159097906394805,120.75,0.0,805.0,,,T20I only,0.13841709014112635
2024,"2021,2022,2023",Manan Vohra,0.3070678014023655,-0.4748560114617625,94.0,94.0,0.0,94.0,0.0,IPL only,0.08444364538565052
2024,"2021,2022,2023",Mandeep Singh,0.26035205211031237,-0.4984675327287109,108.0,108.0,0.0,108.0,0.0,IPL only,0.0715968143303359
2024,"2021,2022,2023",Manish Pandey,0.2464212032020437,-0.0092709052072303,834.0,834.0,0.0,834.0,0.0,IPL only,0.06776583088056201
2024,"2021,2022,2023",Marco Jansen,0.1788247282168158,-0.0199883752758263,1117.05,1068.0,327.0,146.0,922.0,IPL+T20I,0.04917680025962435
2024,"2021,2022,2023",Marcus Stoinis,0.850978760437701,0.2654816885410427,1656.85,1447.0,1399.0,1100.0,347.0,IPL+T20I,0.23401915912036778
2024,"2021,2022,2023",Mark Adair,0.4131846931081499,-0.006034235787566,268.65,0.0,1791.0,,,T20I only,0.11362579060474123
2024,"2021,2022,2023",Mark Chapman,0.6309701201799319,0.2180996768982032,219.3,0.0,1462.0,,,T20I only,0.1735167830494813
2024,"2021,2022,2023",Mark Watt,0.5629315083144816,0.0933171988036216,54.0,0.0,360.0,,,T20I only,0.15480616478648243
2024,"2021,2022,2023",Mark Wood,0.6245292273154822,0.1937882866587189,387.3,306.0,542.0,15.0,291.0,IPL+T20I,0.1717455375117576
2024,"2021,2022,2023",Martin Guptill,0.5646740512444238,0.1287876752412567,112.65,0.0,751.0,,,T20I only,0.15528536409221655
2024,"2021,2022,2023",Matheesha Pathirana,0.7001670116793354,0.2175323304561486,924.4,919.0,36.0,0.0,919.0,IPL+T20I,0.19254592821181724
2024,"2021,2022,2023",Matt Henry,0.6255701042736844,0.305940216362191,65.25,0.0,435.0,,,T20I only,0.1720317786752632
2024,"2021,2022,2023",Matthew Short,0.46210270242111895,0.0699606422170785,397.95,348.0,333.0,276.0,72.0,IPL+T20I,0.1270782431658077
2024,"2021,2022,2023",Matthew Wade,0.5080481461586064,0.105377307013398,404.4,276.0,856.0,276.0,0.0,IPL+T20I,0.13971324019361675
2024,"2021,2022,2023",Mayank Agarwal,0.794806383065659,0.2512580759336631,1264.0,1264.0,0.0,1264.0,0.0,IPL only,0.2185717553430562
2024,"2021,2022,2023",Mayank Dagar,0.47254889567957725,0.0253092438104011,198.0,198.0,0.0,0.0,198.0,IPL only,0.12995094631188375
2024,"2021,2022,2023",Mayank Markande,0.4958599167637834,0.116686706762666,825.0,825.0,0.0,39.0,786.0,IPL only,0.13636147711004043
2024,"2021,2022,2023",Mehidy Hasan Miraz,0.5319515806656586,0.0314562550544485,80.85,0.0,539.0,,,T20I only,0.1462866846830561
2024,"2021,2022,2023",Michael Bracewell,0.8330947445691615,0.3409458027830561,435.3,339.0,642.0,141.0,198.0,IPL+T20I,0.22910105475651943
2024,"2021,2022,2023",Mitchell Marsh,0.8071939400408635,0.2539754881473378,1365.75,1179.0,1245.0,669.0,510.0,IPL+T20I,0.22197833351123747
2024,"2021,2022,2023",Mitchell Santner,0.472756486523324,0.1042781646165192,803.7,510.0,1958.0,66.0,444.0,IPL+T20I,0.13000803379391412
2024,"2021,2022,2023",Mitchell Starc,0.4269250561278257,-0.1156259903626816,126.6,0.0,844.0,,,T20I only,0.11740439043515206
2024,"2021,2022,2023",Moeen Ali,0.516777458844062,0.1362608981532338,2085.3,1794.0,1942.0,887.0,907.0,IPL+T20I,0.14211380118211706
2024,"2021,2022,2023",Mohammad Hafeez,0.5838907468152202,0.1802462432066285,36.3,0.0,242.0,,,T20I only,0.16056995537418556
2024,"2021,2022,2023",Mohammad Haris,0.5702928199174627,0.0996728173841904,33.3,0.0,222.0,,,T20I only,0.15683052547730225
2024,"2021,2022,2023",Mohammad Hasnain,0.5092306730159725,-0.0371057278004712,77.1,0.0,514.0,,,T20I only,0.14003843507939243
2024,"2021,2022,2023",Mohammad Nabi,0.3961763286337707,-0.0121895953015384,292.4,68.0,1496.0,20.0,48.0,IPL+T20I,0.10894849037428694
2024,"2021,2022,2023",Mohammad Naim,0.533917470911525,0.0437531567790993,86.39999999999999,0.0,576.0,,,T20I only,0.14682730450066936
2024,"2021,2022,2023",Mohammad Nawaz,0.4212361270291356,-0.0155048388832727,232.95,0.0,1553.0,,,T20I only,0.1158399349330123
2024,"2021,2022,2023",Mohammad Rizwan,0.6019444438383871,0.1757844735547058,408.75,0.0,2725.0,,,T20I only,0.16553472205555644
2024,"2021,2022,2023",Mohammad Saifuddin,0.5059080591171349,-0.1234541291709553,54.45,0.0,363.0,,,T20I only,0.1391247162572121
2024,"2021,2022,2023",Mohammad Wasim,0.5022327249525804,0.0023842846605533,110.55,0.0,737.0,,,T20I only,0.13811399936195962
2024,"2021,2022,2023",Mohammed Shami,0.7905379328245169,0.2350442252646689,2294.75,2261.0,225.0,35.0,2226.0,IPL+T20I,0.21739793152674217
2024,"2021,2022,2023",Mohammed Siraj,0.7729841838293086,0.2312979689038582,1981.85,1934.0,319.0,98.0,1836.0,IPL+T20I,0.21257065055305985
2024,"2021,2022,2023",Mohit Rathee,0.36345190226045354,-0.8933894966039679,42.0,42.0,0.0,6.0,36.0,IPL only,0.09994927312162472
2024,"2021,2022,2023",Mohit Sharma,0.8821760882479808,0.3154482707269969,798.0,798.0,0.0,3.0,795.0,IPL only,0.24259842426819472
2024,"2021,2022,2023",Mohsin Khan,0.4865013498709433,0.1051182215110824,629.0,629.0,0.0,53.0,576.0,IPL only,0.1337878712145094
2024,"2021,2022,2023",Moises Henriques,0.6772915934194311,0.3541394470105348,111.35,92.0,129.0,32.0,60.0,IPL+T20I,0.18625518819034353
2024,"2021,2022,2023",Mosaddek Hossain,0.5263453790361783,0.004890268720133,74.1,0.0,494.0,,,T20I only,0.14474497923494903
2024,"2021,2022,2023",Muhammad Jawadullah,0.5731086583364613,0.1326039116422812,54.45,0.0,363.0,,,T20I only,0.15760488104252687
2024,"2021,2022,2023",Mujeeb Ur Rahman,0.5680259703593448,0.1431615872380681,179.35,25.0,1029.0,1.0,24.0,IPL+T20I,0.1562071418488198
2024,"2021,2022,2023",Mukesh Choudhary,0.5207381799238427,0.1226965122420093,558.0,558.0,0.0,12.0,546.0,IPL only,0.14320299947905674
2024,"2021,2022,2023",Mukesh Kumar,-0.004601138704369666,-0.1660950059677786,682.95,588.0,633.0,27.0,561.0,IPL+T20I,-0.0012653131437016581
2024,"2021,2022,2023",Murugan Ashwin,-0.012279261763605527,-0.2137983420091728,542.0,542.0,0.0,52.0,490.0,IPL only,-0.00337679698499152
2024,"2021,2022,2023",Mushfiqur Rahim,0.548211137038642,-0.0011944220964379,40.5,0.0,270.0,,,T20I only,0.15075806268562655
2024,"2021,2022,2023",Mustafizur Rahman,0.47780297557147994,0.1126872111850407,1053.4,850.0,1356.0,27.0,823.0,IPL+T20I,0.131395818282157
2024,"2021,2022,2023",Najibullah Zadran,0.6284078514990616,0.2324958100780708,155.54999999999998,0.0,1037.0,,,T20I only,0.17281215916224196
2024,"2021,2022,2023",Najmul Hossain Shanto,0.523074119441764,0.0798956939513563,171.9,0.0,1146.0,,,T20I only,0.1438453828464851
2024,"2021,2022,2023",Narayan Jagadeesan,0.1161109498911465,-0.2498782006397659,317.0,317.0,0.0,317.0,0.0,IPL only,0.03193051122006529
2024,"2021,2022,2023",Naseem Shah,0.47514833515843563,-0.0264333919465299,128.7,0.0,858.0,,,T20I only,0.1306657921685698
2024,"2021,2022,2023",Nasum Ahmed,0.48903245141160073,0.0137685982566693,145.35,0.0,969.0,,,T20I only,0.1344839241381902
2024,"2021,2022,2023",Nathan Coulter-Nile,0.4244995004419113,-0.0616469568936189,168.0,168.0,0.0,9.0,159.0,IPL only,0.1167373626215256
2024,"2021,2022,2023",Nathan Ellis,0.49523951426767904,0.1194479696213549,976.6,871.0,704.0,41.0,830.0,IPL+T20I,0.13619086642361172
2024,"2021,2022,2023",Navdeep Saini,0.09369394509488328,-0.3920286557651893,224.15,224.0,1.0,8.0,216.0,IPL+T20I,0.025765834901092903
2024,"2021,2022,2023",Naveen-ul-Haq,0.5248869744261752,0.1280873667085903,654.75,573.0,545.0,63.0,510.0,IPL+T20I,0.14434391796719817
2024,"2021,2022,2023",Nehal Wadhera,1.0091512156168307,0.4433336314685797,498.0,498.0,0.0,498.0,0.0,IPL only,0.27751658429462844
2024,"2021,2022,2023",Nicholas Pooran,1.2525424372956253,0.4376881571567009,1388.15,1121.0,1781.0,1121.0,0.0,IPL+T20I,0.34444917025629695
2024,"2021,2022,2023",Nitish Kumar Reddy,0.3306949983905133,-0.4254667498881829,93.0,93.0,0.0,0.0,93.0,IPL only,0.09094112455739116
2024,"2021,2022,2023",Nitish Rana,0.9035089852143195,0.2813261731937221,1894.05,1890.0,27.0,1695.0,195.0,IPL+T20I,0.24846497093393788
2024,"2021,2022,2023",Noor Ahmad,0.6056133704745786,0.1720869901761887,883.2,879.0,28.0,27.0,852.0,IPL+T20I,0.16654367688050914
2024,"2021,2022,2023",Noor Ali Zadran,0.6136082901280788,0.3294133493493411,40.05,0.0,267.0,,,T20I only,0.1687422797852217
2024,"2021,2022,2023",Nurul Hasan,0.5510554621245604,0.0667852550376278,66.14999999999999,0.0,441.0,,,T20I only,0.1515402520842541
2024,"2021,2022,2023",Obed McCoy,0.5157576081039407,0.117094902265281,501.3,342.0,1062.0,10.0,332.0,IPL+T20I,0.14183334222858368
2024,"2021,2022,2023",Odean Smith,-0.07184619855939575,-0.3297863886505076,404.85,270.0,899.0,88.0,182.0,IPL+T20I,-0.01975770460383383
2024,"2021,2022,2023",Pat Cummins,0.5703160651188248,0.1538151531428162,628.4,503.0,836.0,104.0,399.0,IPL+T20I,0.15683691790767681
2024,"2021,2022,2023",Pathum Nissanka,0.4681312566666931,0.0484029387666785,268.5,0.0,1790.0,,,T20I only,0.1287360955833406
2024,"2021,2022,2023",Paul Stirling,0.6519339318197055,0.2298495133360172,273.15,0.0,1821.0,,,T20I only,0.17928183125041902
2024,"2021,2022,2023",Paul van Meekeren,0.5850172414489901,0.1865298644099983,36.3,0.0,242.0,,,T20I only,0.16087974139847228
2024,"2021,2022,2023",Phil Salt,1.0576543237879856,0.4624959060175599,535.5,399.0,910.0,399.0,0.0,IPL+T20I,0.29085493904169607
2024,"2021,2022,2023",Piyush Chawla,0.6264142544620132,0.1797429321369909,1190.0,1190.0,0.0,68.0,1122.0,IPL only,0.17226391997705362
2024,"2021,2022,2023",Prabhsimran Singh,0.5628826864981376,0.1504056474000041,759.0,759.0,0.0,759.0,0.0,IPL only,0.15479273878698785
2024,"2021,2022,2023",Pradeep Sangwan,0.7041824356665258,0.3959416897421424,118.0,118.0,0.0,10.0,108.0,IPL only,0.1936501698082946
2024,"2021,2022,2023",Pramod Madushan,0.553607460272172,0.0020134638738463,34.05,0.0,227.0,,,T20I only,0.1522420515748473
2024,"2021,2022,2023",Prashant Solanki,0.6216022293926863,0.2816865803674322,72.0,72.0,0.0,0.0,72.0,IPL only,0.17094061308298875
2024,"2021,2022,2023",Prasidh Krishna,0.5357697902819648,0.1397202863545937,1122.45,1068.0,363.0,25.0,1043.0,IPL+T20I,0.14733669232754032
2024,"2021,2022,2023",Praveen Dubey,0.5817659443698908,0.1626630450314727,114.0,114.0,0.0,60.0,54.0,IPL only,0.15998563470171998
2024,"2021,2022,2023",Prerak Mankad,0.5804985768225207,0.1599181018588677,218.0,218.0,0.0,218.0,0.0,IPL only,0.1596371086261932
2024,"2021,2022,2023",Prithvi Shaw,0.9944813441691857,0.3595947048394819,926.15,926.0,1.0,926.0,0.0,IPL+T20I,0.27348236964652606
2024,"2021,2022,2023",Priyam Garg,0.44969646146620573,0.0034839877579071,209.0,209.0,0.0,209.0,0.0,IPL only,0.12366652690320658
2024,"2021,2022,2023",Qais Ahmad,0.6515200477958668,0.603022633115844,32.4,0.0,216.0,,,T20I only,0.17916801314386338
2024,"2021,2022,2023",Quinton de Kock,1.0686049979066132,0.3607738589170501,1405.25,1244.0,1075.0,1244.0,0.0,IPL+T20I,0.2938663744243186
2024,"2021,2022,2023",Rachin Ravindra,0.4964857369483972,-0.0235381078935447,100.65,0.0,671.0,,,T20I only,0.13653357766080923
2024,"2021,2022,2023",Raghav Goyal,0.4429455452134777,-0.2451025036776512,72.0,72.0,0.0,0.0,72.0,IPL only,0.12181002493370637
2024,"2021,2022,2023",Rahmanullah Gurbaz,0.5467389579888688,0.1411574844265048,700.05,510.0,1267.0,510.0,0.0,IPL+T20I,0.15035321344693894
2024,"2021,2022,2023",Rahul Chahar,0.3053372404282913,0.056183941337727,1904.25,1890.0,95.0,178.0,1712.0,IPL+T20I,0.0839677411177801
2024,"2021,2022,2023",Rahul Tewatia,0.1313457929076823,-0.0553091708433856,945.0,945.0,0.0,612.0,333.0,IPL only,0.03612009304961264
2024,"2021,2022,2023",Rahul Tripathi,1.1716010458627861,0.3994202043880178,1474.15,1444.0,201.0,1444.0,0.0,IPL+T20I,0.3221902876122662
2024,"2021,2022,2023",Rajat Patidar,0.8751599681964646,0.354692232949223,498.0,498.0,0.0,498.0,0.0,IPL only,0.24066899125402774
2024,"2021,2022,2023",Rajvardhan Hangargekar,0.5260318988605686,0.0507526552231181,111.0,111.0,0.0,0.0,111.0,IPL only,0.14465877218665635
2024,"2021,2022,2023",Ramandeep Singh,0.5110569011984132,0.0529994239287896,152.0,152.0,0.0,80.0,72.0,IPL only,0.14054064782956363
2024,"2021,2022,2023",Rashid Khan,0.7856252298929841,0.2298701249527577,2861.0,2645.0,1440.0,337.0,2308.0,IPL+T20I,0.2160469382205706
2024,"2021,2022,2023",Rasikh Salam,0.5506503359690994,0.0566866783988262,60.0,60.0,0.0,12.0,48.0,IPL only,0.15142884239150234
2024,"2021,2022,2023",Rassie van der Dussen,0.3426358363201893,-0.249848290399275,132.89999999999998,48.0,566.0,48.0,0.0,IPL+T20I,0.09422485498805205
2024,"2021,2022,2023",Ravi Bishnoi,0.3021517363931401,0.0570628829122898,2056.2,1872.0,1228.0,87.0,1785.0,IPL+T20I,0.08309172750811353
2024,"2021,2022,2023",Ravichandran Ashwin,0.5494043000177296,0.1487319636452693,2516.5,2422.0,630.0,465.0,1957.0,IPL+T20I,0.15108618250487563
2024,"2021,2022,2023",Ravindra Jadeja,0.5587841921062647,0.1520746906131206,2588.85,2469.0,799.0,751.0,1718.0,IPL+T20I,0.15366565282922282
2024,"2021,2022,2023",Reece Topley,0.7033476038792229,0.3280582641680822,176.1,36.0,934.0,0.0,36.0,IPL+T20I,0.1934205910667863
2024,"2021,2022,2023",Reeza Hendricks,0.6049298031518809,0.1888339576885408,211.95,0.0,1413.0,,,T20I only,0.16635569586676727
2024,"2021,2022,2023",Rehan Ahmed,0.46179927487169925,-0.1726548917286272,76.05,0.0,507.0,,,T20I only,0.1269948005897173
2024,"2021,2022,2023",Richard Gleeson,0.5590240438213864,0.0493061997945904,39.0,0.0,260.0,,,T20I only,0.15373161205088123
2024,"2021,2022,2023",Richard Ngarava,0.528656025988868,0.0775620515178437,146.25,0.0,975.0,,,T20I only,0.14538040714693867
2024,"2021,2022,2023",Rilee Rossouw,0.8297622468669384,0.3241393073397232,500.7,423.0,518.0,423.0,0.0,IPL+T20I,0.22818461788840808
2024,"2021,2022,2023",Riley Meredith,0.3445176183728995,0.0394931939420504,821.1,804.0,114.0,8.0,796.0,IPL+T20I,0.09474234505254736
2024,"2021,2022,2023",Rinku Singh,0.8841862480471978,0.2899587632923422,1250.25,1185.0,435.0,1185.0,0.0,IPL+T20I,0.2431512182129794
2024,"2021,2022,2023",Ripal Patel,0.5234786560345664,0.0833173069264048,180.0,180.0,0.0,162.0,18.0,IPL only,0.14395663040950576
2024,"2021,2022,2023",Rishabh Pant,0.9427817250948048,0.3388236027331369,877.35,774.0,689.0,774.0,0.0,IPL+T20I,0.2592649744010713
2024,"2021,2022,2023",Rishad Hossain,0.5786677414562055,0.1516096164122749,38.7,0.0,258.0,,,T20I only,0.15913362890045651
2024,"2021,2022,2023",Rishi Dhawan,0.5500714579684282,0.1389378129526161,470.0,470.0,0.0,116.0,354.0,IPL only,0.15126965094131775
2024,"2021,2022,2023",Riyan Parag,0.18730655068565227,-0.0685354739687855,630.0,630.0,0.0,545.0,85.0,IPL only,0.05150930143855438
2024,"2021,2022,2023",Robin Uthappa,0.805662543842626,0.323447622505298,426.0,426.0,0.0,426.0,0.0,IPL only,0.22155719955672215
2024,"2021,2022,2023",Rohan Mustafa,0.5146137219782897,-0.1568636858600232,42.3,0.0,282.0,,,T20I only,0.14151877354402964
2024,"2021,2022,2023",Rohit Sharma,0.7101581316146831,0.2102303382161346,1675.1,1502.0,1154.0,1495.0,7.0,IPL+T20I,0.19529348619403783
2024,"2021,2022,2023",Romario Shepherd,0.3538084983603076,-0.0092078165113528,409.15,193.0,1441.0,85.0,108.0,IPL+T20I,0.0972973370490846
2024,"2021,2022,2023",Rony Talukdar,0.6090320103845394,0.2537921553873978,64.35,0.0,429.0,,,T20I only,0.16748380285574832
2024,"2021,2022,2023",Ross Adair,0.5915354331996177,0.2093784701408815,46.8,0.0,312.0,,,T20I only,0.16267224412989484
2024,"2021,2022,2023",Roston Chase,0.530977553337093,0.0166261974378946,73.2,0.0,488.0,,,T20I only,0.14601882716770057
2024,"2021,2022,2023",Rovman Powell,0.5739376065803774,0.1558540335650961,607.3,412.0,1302.0,361.0,51.0,IPL+T20I,0.1578328418096038
2024,"2021,2022,2023",Ruturaj Gaikwad,1.2112326024781834,0.3839568340552863,2388.1,2248.0,934.0,2248.0,0.0,IPL+T20I,0.3330889656815004
2024,"2021,2022,2023",Ryan Burl,0.5102198377016578,0.0134987721660441,106.2,0.0,708.0,,,T20I only,0.14031045536795592
2024,"2021,2022,2023",Safyaan Sharif,0.5386536485344703,-0.0307045234030581,44.7,0.0,298.0,,,T20I only,0.1481297533469793
2024,"2021,2022,2023",Sai Kishore,0.8852518240136956,0.5178019092025713,214.05,192.0,147.0,0.0,192.0,IPL+T20I,0.2434442516037663
2024,"2021,2022,2023",Sai Sudharsan,0.9999852044962958,0.3561329115094982,996.0,996.0,0.0,996.0,0.0,IPL only,0.27499593123648136
2024,"2021,2022,2023",Saim Ayub,0.6019005909053025,0.2584369788469257,45.0,0.0,300.0,,,T20I only,0.16552266249895817
2024,"2021,2022,2023",Sam Billings,0.5273283729210044,0.1103744863247477,293.7,276.0,118.0,276.0,0.0,IPL+T20I,0.14501530255327622
2024,"2021,2022,2023",Sam Curran,0.08934896901559197,-0.0230669497141733,1983.4,1702.0,1876.0,638.0,1064.0,IPL+T20I,0.024570966479287793
2024,"2021,2022,2023",Sandeep Sharma,0.45000567202315717,0.103656429374007,1247.0,1247.0,0.0,25.0,1222.0,IPL only,0.12375155980636822
2024,"2021,2022,2023",Sanju Samson,1.1608541009084734,0.3830087730065804,1752.75,1686.0,445.0,1686.0,0.0,IPL+T20I,0.3192348777498302
2024,"2021,2022,2023",Saqib Mahmood,0.5180514294658461,-0.2318651007603296,31.95,0.0,213.0,,,T20I only,0.14246414310310768
2024,"2021,2022,2023",Sarfaraz Khan,0.17590424854932207,-0.1918212442040836,324.0,324.0,0.0,324.0,0.0,IPL only,0.048373668351063576
2024,"2021,2022,2023",Saurabh Tiwary,0.6322649192125095,0.2772365376782428,97.0,97.0,0.0,97.0,0.0,IPL only,0.17387285278344008
2024,"2021,2022,2023",Sean Abbott,0.45662150339763524,-0.079119965305473,116.2,58.0,388.0,10.0,48.0,IPL+T20I,0.1255709134343497
2024,"2021,2022,2023",Sean Williams,0.5775274102950785,0.1499997782144009,57.9,0.0,386.0,,,T20I only,0.1588200378311466
2024,"2021,2022,2023",Shadab Khan,0.5006834292558785,0.0859531243102227,295.8,0.0,1972.0,,,T20I only,0.1376879430453666
2024,"2021,2022,2023",Shahbaz Ahmed,0.033336957306973655,-0.0801630862585895,1178.4,1164.0,96.0,532.0,632.0,IPL+T20I,0.009167663259417756
2024,"2021,2022,2023",Shaheen Shah Afridi,0.5452411301153006,0.1042807407449335,147.29999999999998,0.0,982.0,,,T20I only,0.14994131078170767
2024,"2021,2022,2023",Shahnawaz Dahani,0.5162849286429538,-0.1080190175874882,49.2,0.0,328.0,,,T20I only,0.1419783553768123
2024,"2021,2022,2023",Shai Hope,0.5441985336004281,0.0571161625981032,74.85,0.0,499.0,,,T20I only,0.14965459674011772
2024,"2021,2022,2023",Shakib Al Hasan,0.4519724240500739,0.0804051082044648,562.3499999999999,204.0,2389.0,48.0,156.0,IPL+T20I,0.12429241661377033
2024,"2021,2022,2023",Shamarh Brooks,0.5191552850526086,-0.0989468468365624,48.6,0.0,324.0,,,T20I only,0.14276770338946734
2024,"2021,2022,2023",Shamim Hossain,0.532437154514945,-0.0001598027553642,62.7,0.0,418.0,,,T20I only,0.14642021749160986
2024,"2021,2022,2023",Shan Masood,0.5563262978328496,0.1057478884802823,97.2,0.0,648.0,,,T20I only,0.15298973190403364
2024,"2021,2022,2023",Shane Getkate,0.5583740155926983,0.0183605350603659,31.05,0.0,207.0,,,T20I only,0.153552854287992
2024,"2021,2022,2023",Shardul Thakur,0.2838354289318505,0.0453455892942475,1744.05,1716.0,187.0,389.0,1327.0,IPL+T20I,0.07805474295625889
2024,"2021,2022,2023",Shashank Singh,0.5899414860828534,0.17815777780276,118.0,118.0,0.0,94.0,24.0,IPL only,0.16223390867278467
2024,"2021,2022,2023",Sheldon Cottrell,0.5443626134926365,0.0683437727956704,84.75,0.0,565.0,,,T20I only,0.14969971871047502
2024,"2021,2022,2023",Sheldon Jackson,0.4298979141910225,-0.4381121319020913,52.0,52.0,0.0,52.0,0.0,IPL only,0.11822192640253118
2024,"2021,2022,2023",Sherfane Rutherford,0.4099280125269383,-0.1598151362821321,120.25,100.0,135.0,100.0,0.0,IPL+T20I,0.11273020344490803
2024,"2021,2022,2023",Shikhar Dhawan,0.8117294283678146,0.2453172318104877,2017.65,2004.0,91.0,2004.0,0.0,IPL+T20I,0.22322559280114904
2024,"2021,2022,2023",Shimron Hetmyer,0.8651489226655654,0.2817082724968585,1252.65,1143.0,731.0,1143.0,0.0,IPL+T20I,0.23791595373303048
2024,"2021,2022,2023",Shivam Dube,1.0437884081605955,0.3490926024804248,1438.25,1409.0,195.0,1355.0,54.0,IPL+T20I,0.28704181224416375
2024,"2021,2022,2023",Shivam Mavi,0.28801522619157627,-0.0241149796416883,544.35,498.0,309.0,34.0,464.0,IPL+T20I,0.07920418720268346
2024,"2021,2022,2023",Shoriful Islam,0.4727822690867051,-0.0262519411139411,132.29999999999998,0.0,882.0,,,T20I only,0.1300151239988439
2024,"2021,2022,2023",Shreyas Gopal,0.2545576845692382,-0.5762065876097877,97.0,97.0,0.0,19.0,78.0,IPL only,0.07000336325654051
2024,"2021,2022,2023",Shreyas Iyer,0.7387106815591177,0.2366714870706338,910.25,779.0,875.0,767.0,12.0,IPL+T20I,0.20314543742875737
2024,"2021,2022,2023",Shubman Gill,1.3251322571430837,0.4135094585296117,2920.75,2824.0,645.0,2824.0,0.0,IPL+T20I,0.364411370714348
2024,"2021,2022,2023",Siddarth Kaul,0.3563279242721573,-0.0838308929400171,237.0,237.0,0.0,8.0,229.0,IPL only,0.09799017917484326
2024,"2021,2022,2023",Sikandar Raza,0.41939378666026467,0.0644221710395895,607.95,513.0,633.0,294.0,219.0,IPL+T20I,0.11533329133157279
2024,"2021,2022,2023",Simarjeet Singh,0.6159996043620711,0.1988665763537854,234.0,234.0,0.0,16.0,218.0,IPL only,0.16939989119956955
2024,"2021,2022,2023",Simi Singh,0.4897645133943144,-0.2903465215810728,40.95,0.0,273.0,,,T20I only,0.13468524118343647
2024,"2021,2022,2023",Sisanda Magala,0.4701175680588088,-0.0198699930519832,142.05,108.0,227.0,0.0,108.0,IPL+T20I,0.1292823312161724
2024,"2021,2022,2023",Soumya Sarkar,0.5745023408835247,0.1423847334141515,70.05,0.0,467.0,,,T20I only,0.1579881437429693
2024,"2021,2022,2023",Srikar Bharat,0.5623609869982552,0.1344714507395317,170.0,170.0,0.0,170.0,0.0,IPL only,0.1546492714245202
2024,"2021,2022,2023",Steven Smith,0.5712597132865023,0.1488246258456933,207.6,135.0,484.0,135.0,0.0,IPL+T20I,0.15709642115378813
2024,"2021,2022,2023",Sunil Narine,0.7077530041394863,0.2064614276717108,2076.0,2076.0,0.0,202.0,1874.0,IPL only,0.19463207613835873
2024,"2021,2022,2023",Suresh Raina,0.5622460247229166,0.1276460962171555,128.0,128.0,0.0,128.0,0.0,IPL only,0.15461765679880207
2024,"2021,2022,2023",Suryakumar Yadav,1.7877594571112523,0.6048379589041402,2053.45,1639.0,2763.0,1639.0,0.0,IPL+T20I,0.49163385070559434
2024,"2021,2022,2023",Suyash Prabhudessai,0.35302539989601056,-0.1162220639731344,205.0,205.0,0.0,205.0,0.0,IPL only,0.09708198497140291
2024,"2021,2022,2023",Suyash Sharma,0.41253691300497863,0.0676726670194134,705.0,705.0,0.0,0.0,705.0,IPL only,0.11344765107636913
2024,"2021,2022,2023",Swapnil Singh,0.4469809255586685,-0.4112654817957104,48.0,48.0,0.0,12.0,36.0,IPL only,0.12291975452863382
2024,"2021,2022,2023",T Natarajan,0.3065852534444515,0.0460799210143298,1377.6,1374.0,24.0,0.0,1374.0,IPL+T20I,0.08431094469722415
2024,"2021,2022,2023",Tabraiz Shamsi,0.5482946426036652,0.1244093798313392,232.75,28.0,1365.0,4.0,24.0,IPL+T20I,0.15078102671600793
2024,"2021,2022,2023",Tanveer Sangha,0.5399676844269012,0.0484789651368588,77.39999999999999,0.0,516.0,,,T20I only,0.14849111321739783
2024,"2021,2022,2023",Taskin Ahmed,0.42846152170392626,-0.0434869538628558,181.05,0.0,1207.0,,,T20I only,0.11782691846857972
2024,"2021,2022,2023",Temba Bavuma,0.41665253397207985,-0.2601718236813308,84.0,0.0,560.0,,,T20I only,0.11457944684232195
2024,"2021,2022,2023",Tendai Chatara,0.5550294366150352,0.1021213270439088,95.85,0.0,639.0,,,T20I only,0.1526330950691347
2024,"2021,2022,2023",Tilak Varma,1.1079992031529566,0.3779524589200043,1387.05,1275.0,747.0,1233.0,42.0,IPL+T20I,0.3046997808670631
2024,"2021,2022,2023",Tim David,0.9920822472828882,0.387248064410679,692.95,613.0,533.0,613.0,0.0,IPL+T20I,0.2728226180027942
2024,"2021,2022,2023",Tim Seifert,0.6671784482509883,0.283427112807685,167.55,42.0,837.0,42.0,0.0,IPL+T20I,0.1834740732690218
2024,"2021,2022,2023",Tim Southee,0.5071949633371847,0.1229670517831576,850.9,631.0,1466.0,29.0,602.0,IPL+T20I,0.1394786149177258
2024,"2021,2022,2023",Tom Curran,0.5574688040545004,0.1074520623512659,95.35,85.0,69.0,17.0,68.0,IPL+T20I,0.1533039211149876
2024,"2021,2022,2023",Tom Latham,0.5351719656580051,0.0595231643602386,98.85,0.0,659.0,,,T20I only,0.14717229055595138
2024,"2021,2022,2023",Towhid Hridoy,0.5840941326668095,0.1717134659498722,67.95,0.0,453.0,,,T20I only,0.16062588648337262
2024,"2021,2022,2023",Travis Head,0.697911903194679,0.5586461916853896,61.8,0.0,412.0,,,T20I only,0.19192577337853672
2024,"2021,2022,2023",Trent Boult,0.7885117050804431,0.2373070540409714,1959.5,1844.0,770.0,104.0,1740.0,IPL+T20I,0.21684071889712186
2024,"2021,2022,2023",Tristan Stubbs,0.3804781564685279,-0.094915220666564,192.65,137.0,371.0,101.0,36.0,IPL+T20I,0.10463149302884517
2024,"2021,2022,2023",Tushar Deshpande,0.26027295839285997,0.0166889895625047,1122.0,1122.0,0.0,3.0,1119.0,IPL only,0.07157506355803649
2024,"2021,2022,2023",Tymal Mills,0.20382251737406304,-0.215904081442497,266.4,210.0,376.0,6.0,204.0,IPL+T20I,0.05605119227786734
2024,"2021,2022,2023",Umesh Yadav,0.5495756299806045,0.1456585182592134,1076.1,1062.0,94.0,134.0,928.0,IPL+T20I,0.15113329824466626
2024,"2021,2022,2023",Umran Malik,0.20135946706564997,-0.0093401919964232,1126.85,1070.0,379.0,40.0,1030.0,IPL+T20I,0.05537385344305374
2024,"2021,2022,2023",Usman Ghani,0.5315897213224329,0.035819053492945,84.75,0.0,565.0,,,T20I only,0.14618717336366904
2024,"2021,2022,2023",Usman Qadir,0.46988883750418925,-0.1516154677558686,75.6,0.0,504.0,,,T20I only,0.12921943031365205
2024,"2021,2022,2023",Vaibhav Arora,0.34352167428640684,0.0110311028949178,546.0,546.0,0.0,32.0,514.0,IPL only,0.09446846042876189
2024,"2021,2022,2023",Varun Aaron,0.5975877373119367,0.2201852930763763,60.0,60.0,0.0,0.0,60.0,IPL only,0.1643366277607826
2024,"2021,2022,2023",Varun Chakravarthy,0.4607578901057104,0.1147216503923806,1917.85,1900.0,119.0,67.0,1833.0,IPL+T20I,0.12670841977907035
2024,"2021,2022,2023",Venkatesh Iyer,0.650564527221896,0.1874572565852152,1584.3,1557.0,182.0,1457.0,100.0,IPL+T20I,0.17890524498602137
2024,"2021,2022,2023",Vijay Shankar,0.7553081888290699,0.2514349229214881,771.0,771.0,0.0,686.0,85.0,IPL only,0.20770975192799424
2024,"2021,2022,2023",Vijaykumar Vyshak,0.697155492643925,0.2404573986163507,462.0,462.0,0.0,27.0,435.0,IPL only,0.19171776047707936
2024,"2021,2022,2023",Virat Kohli,0.7403411487558971,0.2159200334478609,2501.25,2298.0,1355.0,2298.0,0.0,IPL+T20I,0.2035938159078717
2024,"2021,2022,2023",Vishnu Vinod,0.6034836682475625,0.2141933488115591,93.0,93.0,0.0,93.0,0.0,IPL only,0.16595800876807967
2024,"2021,2022,2023",Vivrant Sharma,0.5983889580807814,0.182259766083014,198.0,198.0,0.0,141.0,57.0,IPL only,0.16455696347221488
2024,"2021,2022,2023",Wanindu Hasaranga,0.3292693822391791,-0.4125797056401654,96.0,96.0,0.0,24.0,72.0,IPL only,0.09054908011577426
2024,"2021,2022,2023",Wanindu Hasaranga de Silva,0.3197993307864293,0.0571489519104653,1627.6,1318.0,2064.0,148.0,1170.0,IPL+T20I,0.08794481596626806
2024,"2021,2022,2023",Washington Sundar,0.3244379189296454,0.0483313744501247,1204.0,1117.0,580.0,365.0,752.0,IPL+T20I,0.08922042770565249
2024,"2021,2022,2023",Wayne Parnell,0.604741610212499,0.1741978245219256,598.95,471.0,853.0,15.0,456.0,IPL+T20I,0.16630394280843722
2024,"2021,2022,2023",Wellington Masakadza,0.564063609191203,0.1201205974987526,88.64999999999999,0.0,591.0,,,T20I only,0.15511749252758084
2024,"2021,2022,2023",Will Jacks,0.6058239979518432,0.2590435487273487,53.4,0.0,356.0,,,T20I only,0.16660159943675687
2024,"2021,2022,2023",Will Young,0.5190236561432504,-0.0364567092643576,65.7,0.0,438.0,,,T20I only,0.14273150543939386
2024,"2021,2022,2023",Wriddhiman Saha,0.5394843354566458,0.1432008618106777,1519.0,1519.0,0.0,1519.0,0.0,IPL only,0.14835819225057756
2024,"2021,2022,2023",Yash Dayal,0.31230946395948117,0.0058149974624411,644.0,644.0,0.0,2.0,642.0,IPL only,0.08588510258885733
2024,"2021,2022,2023",Yash Dhull,0.09456969646909906,-1.3287767094610068,69.0,69.0,0.0,69.0,0.0,IPL only,0.02600666652900224
2024,"2021,2022,2023",Yash Thakur,0.5558105913770001,0.1447457007572767,579.0,579.0,0.0,0.0,579.0,IPL only,0.15284791262867503
2024,"2021,2022,2023",Yashasvi Jaiswal,1.525363826835466,0.518997980479641,1828.2,1704.0,828.0,1702.0,2.0,IPL+T20I,0.41947505237975313
2024,"2021,2022,2023",Yudhvir Singh,0.5424356927842338,0.1007308244980164,150.0,150.0,0.0,6.0,144.0,IPL only,0.1491698155156643
2024,"2021,2022,2023",Yuzvendra Chahal,0.4297530572050667,0.1058045502305868,2339.5,2128.0,1410.0,43.0,2085.0,IPL+T20I,0.11818209073139332
2024,"2021,2022,2023",Zahoor Khan,0.6188418020010775,0.237139006765728,111.15,0.0,741.0,,,T20I only,0.17018149555029632
2024,"2021,2022,2023",Zaman Khan,0.6033432914756137,0.2433302401461318,57.6,0.0,384.0,,,T20I only,0.1659194051557938
2024,"2021,2022,2023",Zawar Farid,0.5901534869564211,0.2169881270183967,35.1,0.0,234.0,,,T20I only,0.1622922089130158
2025,"2022,2023,2024",Aamer Jamal,0.4807231690706604,-0.2233235525442455,46.95,0.0,313.0,,,T20I only,0.13219887149443163
2025,"2022,2023,2024",Aaron Finch,0.3550676386874948,-0.2292693734303136,125.05,61.0,427.0,61.0,0.0,IPL+T20I,0.09764360063906107
2025,"2022,2023,2024",Aaron Hardie,0.5620976989232854,0.1434421158544661,92.25,0.0,615.0,,,T20I only,0.15457686720390348
2025,"2022,2023,2024",Aayan Afzal Khan,0.5302496995050442,0.0288591788018441,61.2,0.0,408.0,,,T20I only,0.14581866736388713
2025,"2022,2023,2024",Abbas Afridi,0.4819539679662218,0.028062109309947,157.5,0.0,1050.0,,,T20I only,0.132537341190711
2025,"2022,2023,2024",Abdul Samad,0.6446546141850902,0.2023475153189636,593.0,593.0,0.0,587.0,6.0,IPL only,0.1772800189008998
2025,"2022,2023,2024",Abhinav Manohar,0.20751601987204368,-0.1826706517301694,289.0,289.0,0.0,289.0,0.0,IPL only,0.057066905464812016
2025,"2022,2023,2024",Abhishek Sharma,1.1539351576182093,0.3831966084388075,1714.15,1639.0,501.0,1345.0,294.0,IPL+T20I,0.31733216834500755
2025,"2022,2023,2024",Abishek Porel,0.7469877557253639,0.2564765148369042,677.0,677.0,0.0,677.0,0.0,IPL only,0.20542163282447506
2025,"2022,2023,2024",Abrar Ahmed,0.615462183477374,0.3832678982497149,43.2,0.0,288.0,,,T20I only,0.16925210045627787
2025,"2022,2023,2024",Adam Milne,0.4024419432894338,-0.0740923618810487,171.9,15.0,1046.0,0.0,15.0,IPL+T20I,0.11067153440459429
2025,"2022,2023,2024",Adam Zampa,0.3515680983069249,0.0160170924510112,515.15,296.0,1461.0,32.0,264.0,IPL+T20I,0.09668122703440435
2025,"2022,2023,2024",Adil Rashid,0.5323675903006856,0.128994623377464,387.8,116.0,1812.0,32.0,84.0,IPL+T20I,0.14640108733268853
2025,"2022,2023,2024",Afif Hossain,0.5211735077555759,0.0583910254408935,104.85,0.0,699.0,,,T20I only,0.1433227146327834
2025,"2022,2023,2024",Afsar Zazai,0.47915256680496116,-0.2757658677440555,41.7,0.0,278.0,,,T20I only,0.1317669558713643
2025,"2022,2023,2024",Aiden Markram,0.31915752538588354,0.0581337423811735,1612.75,1372.0,1605.0,1199.0,173.0,IPL+T20I,0.08776831948111798
2025,"2022,2023,2024",Ajinkya Rahane,0.8518049419569822,0.2842842598352461,1094.0,1094.0,0.0,1094.0,0.0,IPL only,0.23424635903817012
2025,"2022,2023,2024",Akash Deep,0.09858609164156973,-0.3121864383839663,266.0,266.0,0.0,24.0,242.0,IPL only,0.027111175201431675
2025,"2022,2023,2024",Akash Madhwal,0.4953403421187885,0.1153180338464451,664.0,664.0,0.0,15.0,649.0,IPL only,0.13621859408266684
2025,"2022,2023,2024",Akash Singh,0.34263799119790067,-0.0955691776360254,228.0,228.0,0.0,0.0,228.0,IPL only,0.09422544757942268
2025,"2022,2023,2024",Akeal Hosein,0.41704191806289403,0.0486198487187543,438.2,68.0,2468.0,20.0,48.0,IPL+T20I,0.11468652746729587
2025,"2022,2023,2024",Alex Hales,0.5793971060310517,0.2112025612814988,44.4,0.0,296.0,,,T20I only,0.15933420415853922
2025,"2022,2023,2024",Ali Khan,0.47580645840962704,-0.1531829278160133,62.1,0.0,414.0,,,T20I only,0.13084677606264744
2025,"2022,2023,2024",Ali Naseer,0.5321518098918454,-0.0423183759057927,36.0,0.0,240.0,,,T20I only,0.1463417477202575
2025,"2022,2023,2024",Alzarri Joseph,0.036905763636853064,-0.0981219230620163,943.25,674.0,1795.0,31.0,643.0,IPL+T20I,0.010149085000134592
2025,"2022,2023,2024",Aman Hakim Khan,0.16938603706948588,-0.3165665920278914,211.0,211.0,0.0,205.0,6.0,IPL only,0.04658116019410862
2025,"2022,2023,2024",Ambati Rayudu,0.6741362734879865,0.2310324636352393,450.0,450.0,0.0,450.0,0.0,IPL only,0.1853874752091963
2025,"2022,2023,2024",Amit Mishra,0.3518766540344653,-0.0313040804895451,324.0,324.0,0.0,60.0,264.0,IPL only,0.09676607985947795
2025,"2022,2023,2024",Andile Phehlukwayo,0.44703808271460815,-0.3236186107246959,51.9,0.0,346.0,,,T20I only,0.12293547274651724
2025,"2022,2023,2024",Andile Simelane,0.44734086263148837,-0.3198523700207182,52.2,0.0,348.0,,,T20I only,0.12301873722365932
2025,"2022,2023,2024",Andre Russell,0.8159979185189098,0.2494405681935858,1910.8,1750.0,1072.0,864.0,886.0,IPL+T20I,0.2243994275927002
2025,"2022,2023,2024",Andrew Tye,0.474230378853072,-0.141429674989673,66.0,66.0,0.0,0.0,66.0,IPL only,0.1304133541845948
2025,"2022,2023,2024",Andy Balbirnie,0.45949422660427197,0.0469784892659526,261.75,0.0,1745.0,,,T20I only,0.1263609123161748
2025,"2022,2023,2024",Angelo Mathews,0.5814462771971466,0.1803559780739835,131.85,0.0,879.0,,,T20I only,0.1598977262292153
2025,"2022,2023,2024",Angkrish Raghuvanshi,0.8812682712469226,0.43413656621295,315.0,315.0,0.0,315.0,0.0,IPL only,0.24234877459290374
2025,"2022,2023,2024",Anmolpreet Singh,0.28230273732147665,-0.2038421878536903,195.0,195.0,0.0,195.0,0.0,IPL only,0.07763325276340607
2025,"2022,2023,2024",Anrich Nortje,0.21067501321845522,0.0023094761888048,1234.6,1111.0,824.0,88.0,1023.0,IPL+T20I,0.05793562863507518
2025,"2022,2023,2024",Anshul Kamboj,0.3511642532877854,-0.1202624818917931,192.0,192.0,0.0,6.0,186.0,IPL only,0.09657016965414099
2025,"2022,2023,2024",Anuj Rawat,0.1005378637331255,-0.1554018819460817,491.0,491.0,0.0,491.0,0.0,IPL only,0.02764791252660951
2025,"2022,2023,2024",Anukul Roy,0.3642482249355096,-0.0351715462902519,289.0,289.0,0.0,49.0,240.0,IPL only,0.10016826185726516
2025,"2022,2023,2024",Arjun Tendulkar,0.5670048801859282,0.1554677397237588,180.0,180.0,0.0,18.0,162.0,IPL only,0.15592634205113026
2025,"2022,2023,2024",Arshad Khan,0.12974757253412694,-0.118914977446507,545.0,545.0,0.0,192.0,353.0,IPL only,0.03568058244688491
2025,"2022,2023,2024",Arshdeep Singh,0.3465938209831895,0.0761940395536224,2223.5,1862.0,2410.0,42.0,1820.0,IPL+T20I,0.09531330077037711
2025,"2022,2023,2024",Ashton Agar,0.5672057558034541,0.1550129324584635,45.3,0.0,302.0,,,T20I only,0.15598158284594987
2025,"2022,2023,2024",Ashton Turner,0.5386550910878767,0.0466670947322839,54.6,54.0,4.0,54.0,0.0,IPL+T20I,0.1481301500491661
2025,"2022,2023,2024",Ashutosh Sharma,0.8679890746577565,0.4093663436633318,339.0,339.0,0.0,339.0,0.0,IPL only,0.23869699553088305
2025,"2022,2023,2024",Asitha Fernando,0.49919841098114104,-0.2144016616347618,37.35,0.0,249.0,,,T20I only,0.13727956301981378
2025,"2022,2023,2024",Atharva Taide,0.6728196845738723,0.2386942000984296,378.0,378.0,0.0,375.0,3.0,IPL only,0.18502541325781488
2025,"2022,2023,2024",Avesh Khan,0.29631746814410753,0.0516380800060499,1748.45,1655.0,623.0,30.0,1625.0,IPL+T20I,0.08148730373962956
2025,"2022,2023,2024",Axar Patel,0.5916689307713904,0.1642604296298326,3007.0,2677.0,2200.0,1063.0,1614.0,IPL+T20I,0.16270895596213236
2025,"2022,2023,2024",Ayush Badoni,0.3525921696035985,0.0570814626428938,1037.0,1037.0,0.0,987.0,50.0,IPL only,0.09696284664098959
2025,"2022,2023,2024",Azmatullah Omarzai,0.25758354592887833,-0.0066622904297598,769.65,480.0,1931.0,99.0,381.0,IPL+T20I,0.07083547513044154
2025,"2022,2023,2024",Baba Indrajith,0.481419555815046,-0.4195337341615848,30.0,30.0,0.0,30.0,0.0,IPL only,0.13239037784913765
2025,"2022,2023,2024",Babar Azam,0.5674441405309213,0.1560526372707552,365.4,0.0,2436.0,,,T20I only,0.15604713864600334
2025,"2022,2023,2024",Barry McCarthy,0.4804185002541838,0.0242218408337481,155.25,0.0,1035.0,,,T20I only,0.13211508756990054
2025,"2022,2023,2024",Bas de Leede,0.4759780967592875,-0.2044432467922475,52.5,0.0,350.0,,,T20I only,0.13089397660880406
2025,"2022,2023,2024",Basil Thampi,0.4385717941694652,-0.1377877303231471,96.0,96.0,0.0,0.0,96.0,IPL only,0.12060724339660292
2025,"2022,2023,2024",Ben Duckett,0.5579505607106282,0.10902022614379,41.1,0.0,274.0,,,T20I only,0.15343640419542276
2025,"2022,2023,2024",Ben Lister,0.5516088325742117,0.0861808680077514,46.5,0.0,310.0,,,T20I only,0.15169242895790822
2025,"2022,2023,2024",Ben McDermott,0.5457865070626085,0.0208793438556771,32.25,0.0,215.0,,,T20I only,0.1500912894422173
2025,"2022,2023,2024",Ben Sears,0.5034300084587375,0.0020012675375474,90.3,0.0,602.0,,,T20I only,0.13844325232615282
2025,"2022,2023,2024",Ben Stokes,0.3887680829301667,-0.3309389603980354,78.55,40.0,257.0,28.0,12.0,IPL+T20I,0.10691122280579585
2025,"2022,2023,2024",Ben White,0.35420658953383627,-0.2268129301329703,126.6,0.0,844.0,,,T20I only,0.09740681212180498
2025,"2022,2023,2024",Bhanuka Rajapaksa,0.726278067115592,0.2971381921427815,313.9,253.0,406.0,253.0,0.0,IPL+T20I,0.1997264684567878
2025,"2022,2023,2024",Bhuvneshwar Kumar,0.7421124445241265,0.2190196835023765,2250.9,2163.0,586.0,207.0,1956.0,IPL+T20I,0.20408092224413477
2025,"2022,2023,2024",Binura Fernando,0.4466151932746769,-0.1399781455708507,88.5,0.0,590.0,,,T20I only,0.12281917815053614
2025,"2022,2023,2024",Bjorn Fortuin,0.39967932858679883,-0.2465199407286885,90.6,0.0,604.0,,,T20I only,0.10991181536136968
2025,"2022,2023,2024",Blair Tickner,0.5052102027122143,-0.2307592878534244,32.4,0.0,216.0,,,T20I only,0.13893280574585892
2025,"2022,2023,2024",Blessing Muzarabani,0.6617424265958634,0.2606719686358635,230.7,0.0,1538.0,,,T20I only,0.1819791673138624
2025,"2022,2023,2024",Brad Wheal,0.4910607090227555,-0.3064538415904422,33.3,0.0,222.0,,,T20I only,0.13504169498125776
2025,"2022,2023,2024",Brandon King,0.5931825570204297,0.1819110829293946,263.85,0.0,1759.0,,,T20I only,0.16312520318061816
2025,"2022,2023,2024",Brian Bennett,0.5075748340928818,-0.1481280889599954,40.05,0.0,267.0,,,T20I only,0.1395830793755425
2025,"2022,2023,2024",Cameron Green,0.6114285114608193,0.1718744176610398,2269.55,2189.0,537.0,1098.0,1091.0,IPL+T20I,0.16814284065172533
2025,"2022,2023,2024",Chad Bowes,0.5410752596697173,0.0403768851207649,46.8,0.0,312.0,,,T20I only,0.14879569640917226
2025,"2022,2023,2024",Chamika Karunaratne,0.4096531900300557,-0.1580472334719693,112.2,0.0,748.0,,,T20I only,0.1126546272582653
2025,"2022,2023,2024",Charith Asalanka,0.5174043925984109,0.1004593142424177,230.25,0.0,1535.0,,,T20I only,0.14228620796456298
2025,"2022,2023,2024",Chetan Sakariya,0.5945661743499953,0.1931818383306582,176.0,176.0,0.0,12.0,164.0,IPL only,0.1635056979462487
2025,"2022,2023,2024",Chris Jordan,0.10302742622540431,-0.1510198668688197,498.45,375.0,823.0,32.0,343.0,IPL+T20I,0.028332542211986188
2025,"2022,2023,2024",Chris Sole,0.550296977491155,0.0680281413436359,39.6,0.0,264.0,,,T20I only,0.15133166881006763
2025,"2022,2023,2024",Chris Woakes,0.4609799144933412,-0.1715180681249548,68.7,0.0,458.0,,,T20I only,0.12676947648566883
2025,"2022,2023,2024",Craig Young,0.4501383197268142,-0.1748807624363207,75.6,0.0,504.0,,,T20I only,0.12378803792487389
2025,"2022,2023,2024",Curtis Campher,0.4940438955290996,0.0817646637829805,261.15,0.0,1741.0,,,T20I only,0.1358620712705024
2025,"2022,2023,2024",Daniel Sams,0.44362860733232085,0.0450071354924138,309.55,289.0,137.0,36.0,253.0,IPL+T20I,0.12199786701638823
2025,"2022,2023,2024",Darshan Nalkande,0.04116661210481668,-0.487725561102411,203.0,203.0,0.0,35.0,168.0,IPL only,0.011320818328824587
2025,"2022,2023,2024",Darwish Rasooli,0.5395389206213491,-0.0107303712027098,33.75,0.0,225.0,,,T20I only,0.148373203170871
2025,"2022,2023,2024",Daryl Mitchell,0.6776928578054947,0.2068065117455405,1038.35,833.0,1369.0,713.0,120.0,IPL+T20I,0.18636553589651106
2025,"2022,2023,2024",Dasun Shanaka,0.5051421635790347,0.0871947878211815,231.85,52.0,1199.0,52.0,0.0,IPL+T20I,0.13891409498423454
2025,"2022,2023,2024",David Miller,0.5712258254116505,0.1576531123293876,1289.7,1110.0,1198.0,1110.0,0.0,IPL+T20I,0.15708710198820386
2025,"2022,2023,2024",David Warner,0.6301689994496293,0.1808732014559231,1593.9,1446.0,986.0,1446.0,0.0,IPL+T20I,0.17329647484864807
2025,"2022,2023,2024",David Wiese,0.5206218086119347,0.0138842011427354,69.7,58.0,78.0,22.0,36.0,IPL+T20I,0.14317099736828204
2025,"2022,2023,2024",David Willey,0.6564183356927484,0.2257117224372369,379.0,340.0,260.0,94.0,246.0,IPL+T20I,0.18051504231550583
2025,"2022,2023,2024",Dawid Malan,0.5390198997740753,0.0933968168167325,99.75,0.0,665.0,,,T20I only,0.14823047243787071
2025,"2022,2023,2024",Dean Foxcroft,0.5303621605579331,-0.0637325482053327,34.05,0.0,227.0,,,T20I only,0.1458495941534316
2025,"2022,2023,2024",Deepak Chahar,0.5662137661758598,0.1554381883994446,867.85,835.0,219.0,4.0,831.0,IPL+T20I,0.15570878569836147
2025,"2022,2023,2024",Deepak Hooda,0.659265849675642,0.1993457740082676,979.5,915.0,430.0,825.0,90.0,IPL+T20I,0.18129810866080154
2025,"2022,2023,2024",Devdutt Padikkal,0.09554506437361185,-0.0787407870230345,865.0,865.0,0.0,865.0,0.0,IPL only,0.02627489270274326
2025,"2022,2023,2024",Devon Conway,0.8457612952014477,0.2742258759966346,1286.65,1135.0,1011.0,1135.0,0.0,IPL+T20I,0.23258435618039813
2025,"2022,2023,2024",Dewald Brevis,0.6278330173841731,0.2120538357675512,295.1,293.0,14.0,290.0,3.0,IPL+T20I,0.1726540797806476
2025,"2022,2023,2024",Dhananjaya de Silva,0.5080042104408596,0.046917886623446,123.3,0.0,822.0,,,T20I only,0.1397011578712364
2025,"2022,2023,2024",Dhruv Jurel,0.7359934151664626,0.2560042433006732,605.3,599.0,42.0,599.0,0.0,IPL+T20I,0.2023981891707772
2025,"2022,2023,2024",Dilshan Madushanka,0.3872466234879189,-0.4006126293199693,68.39999999999999,0.0,456.0,,,T20I only,0.10649282145917768
2025,"2022,2023,2024",Dinesh Karthik,1.0245161158884917,0.3752123354958467,941.35,910.0,209.0,910.0,0.0,IPL+T20I,0.2817419318693352
2025,"2022,2023,2024",Dipendra Singh Airee,0.5850014921690914,0.2697900444151652,31.05,0.0,207.0,,,T20I only,0.16087541034650013
2025,"2022,2023,2024",Donovan Ferreira,0.4344596734642845,-0.3158552345735679,58.8,33.0,172.0,33.0,0.0,IPL+T20I,0.11947641020267824
2025,"2022,2023,2024",Duan Jansen,0.4739361970197326,-0.2446315026616466,48.0,48.0,0.0,0.0,48.0,IPL only,0.13033245418042647
2025,"2022,2023,2024",Dunith Wellalage,0.554759394734566,0.1028176639635434,49.05,0.0,327.0,,,T20I only,0.15255883355200567
2025,"2022,2023,2024",Dushmantha Chameera,0.36972855136941846,0.0051298373797484,394.2,348.0,308.0,28.0,320.0,IPL+T20I,0.10167535162659007
2025,"2022,2023,2024",Dwaine Pretorius,0.591144541018347,0.1820746282043403,233.95,202.0,213.0,28.0,174.0,IPL+T20I,0.16256474878004543
2025,"2022,2023,2024",Dwayne Bravo,0.49168951972891767,0.072636268968794,233.0,233.0,0.0,24.0,209.0,IPL only,0.13521461792545236
2025,"2022,2023,2024",Evin Lewis,0.5372159364051909,0.0975885196086793,116.0,56.0,400.0,56.0,0.0,IPL+T20I,0.1477343825114275
2025,"2022,2023,2024",Fabian Allen,0.4275627203454749,-0.2527801444526439,72.69999999999999,31.0,278.0,7.0,24.0,IPL+T20I,0.1175797480950056
2025,"2022,2023,2024",Faf du Plessis,1.120497273300092,0.3581201948784406,2130.0,2130.0,0.0,2130.0,0.0,IPL only,0.3081367501575253
2025,"2022,2023,2024",Fakhar Zaman,0.6221506661070865,0.2386107624800648,156.0,0.0,1040.0,,,T20I only,0.17109143317944878
2025,"2022,2023,2024",Faraz Akram,0.44972758875782776,-0.3849315801810746,44.55,0.0,297.0,,,T20I only,0.12367508690840262
2025,"2022,2023,2024",Fareed Ahmad,0.5065357331944713,-0.0742338066098139,54.9,0.0,366.0,,,T20I only,0.1392973266284796
2025,"2022,2023,2024",Fazalhaq Farooqi,0.6640788827802329,0.2240656604198922,448.9,250.0,1326.0,18.0,232.0,IPL+T20I,0.18262169276456403
2025,"2022,2023,2024",Finn Allen,0.6357580858820272,0.2464113983934605,183.75,0.0,1225.0,,,T20I only,0.17483347361755747
2025,"2022,2023,2024",Fionn Hand,0.4353600015949013,-0.5346952414584298,38.85,0.0,259.0,,,T20I only,0.11972400043859785
2025,"2022,2023,2024",Gareth Delany,0.5511788488042876,0.1355892053374363,195.75,0.0,1305.0,,,T20I only,0.1515741834211791
2025,"2022,2023,2024",George Dockrell,0.5164585026318796,0.0860173776182807,175.2,0.0,1168.0,,,T20I only,0.14202608822376692
2025,"2022,2023,2024",George Linde,0.6387885385278793,0.5996114719192016,32.4,0.0,216.0,,,T20I only,0.1756668480951668
2025,"2022,2023,2024",George Van Heerden,0.6112558579250887,0.4053883228383038,35.55,0.0,237.0,,,T20I only,0.16809536092939942
2025,"2022,2023,2024",Gerald Coetzee,0.0194426746131829,-0.1304954806833969,776.55,672.0,697.0,66.0,606.0,IPL+T20I,0.005346735518625298
2025,"2022,2023,2024",Glenn Maxwell,1.0325538311277718,0.3430868551996446,1514.1,1299.0,1434.0,743.0,556.0,IPL+T20I,0.2839523035601373
2025,"2022,2023,2024",Glenn Phillips,0.6085182902403193,0.1899875778233703,349.25,80.0,1795.0,44.0,36.0,IPL+T20I,0.1673425298160878
2025,"2022,2023,2024",Graham Hume,0.5032943618728888,-0.109522227075055,49.8,0.0,332.0,,,T20I only,0.13840594951504442
2025,"2022,2023,2024",Gudakesh Motie,0.44303867405965813,0.0163929092623379,227.1,0.0,1514.0,,,T20I only,0.12183563536640597
2025,"2022,2023,2024",Gulbadin Naib,0.4431216633872067,0.0155734578637237,225.15,63.0,1081.0,45.0,18.0,IPL+T20I,0.12185845743148185
2025,"2022,2023,2024",Gurnoor Brar,0.43622242945940226,-0.5114930864932419,40.0,40.0,0.0,0.0,40.0,IPL only,0.11996116810133563
2025,"2022,2023,2024",Hardik Pandya,0.37884471505051387,0.0917795771064289,2927.05,2464.0,3087.0,1330.0,1134.0,IPL+T20I,0.10418229663889131
2025,"2022,2023,2024",Haris Rauf,0.4479934701260977,0.0307484863295332,248.7,0.0,1658.0,,,T20I only,0.12319820428467687
2025,"2022,2023,2024",Harmeet Singh,0.5052406309537489,-0.1007418374210799,49.95,0.0,333.0,,,T20I only,0.13894117351228094
2025,"2022,2023,2024",Harpreet Brar,0.26507071958144274,0.0305636301865038,1375.0,1375.0,0.0,269.0,1106.0,IPL only,0.07289444788489675
2025,"2022,2023,2024",Harpreet Singh,0.4646894600255999,0.0378883887807215,220.0,220.0,0.0,220.0,0.0,IPL only,0.12778960150703997
2025,"2022,2023,2024",Harry Brook,0.44531516338578114,0.0676521131510591,428.9,308.0,806.0,308.0,0.0,IPL+T20I,0.12246166993108981
2025,"2022,2023,2024",Harry Tector,0.33515880310871426,-0.0917215954674994,243.15,0.0,1621.0,,,T20I only,0.09216867085489643
2025,"2022,2023,2024",Harshal Patel,0.308760476775516,0.0596487145880006,1971.25,1891.0,535.0,108.0,1783.0,IPL+T20I,0.0849091311132669
2025,"2022,2023,2024",Harshit Rana,0.8939393845788738,0.3086856744359055,1000.0,1000.0,0.0,4.0,996.0,IPL only,0.2458333307591903
2025,"2022,2023,2024",Hasan Mahmud,0.5579411334953135,0.1311222163892307,81.89999999999999,0.0,546.0,,,T20I only,0.1534338117112112
2025,"2022,2023,2024",Hayden Walsh,0.5284110170233862,-0.0772608096583079,33.75,0.0,225.0,,,T20I only,0.1453130296814312
2025,"2022,2023,2024",Hazratullah Zazai,0.5342037821238906,0.0829704099404508,100.05,0.0,667.0,,,T20I only,0.14690604008406993
2025,"2022,2023,2024",Heinrich Klaasen,1.2747990338178372,0.4430562018372385,1472.3,1346.0,842.0,1346.0,0.0,IPL+T20I,0.35056973429990523
2025,"2022,2023,2024",Himanshu Sharma,0.24042443841551872,-0.8081788830431029,72.0,72.0,0.0,0.0,72.0,IPL only,0.06611672056426765
2025,"2022,2023,2024",Hrithik Shokeen,0.144944280686068,-0.1614502580159104,404.0,404.0,0.0,82.0,322.0,IPL only,0.039859677188668695
2025,"2022,2023,2024",Ibrahim Zadran,0.4201007499220168,0.0270083757206589,320.4,0.0,2136.0,,,T20I only,0.11552770622855463
2025,"2022,2023,2024",Iftikhar Ahmed,0.5089412656876059,0.0841896840727399,201.9,0.0,1346.0,,,T20I only,0.13995884806409162
2025,"2022,2023,2024",Ihsanullah,0.5456616913380172,0.0182609817170198,31.8,0.0,212.0,,,T20I only,0.15005696511795472
2025,"2022,2023,2024",Imad Wasim,0.6513600245484867,0.2712586909302787,175.35,0.0,1169.0,,,T20I only,0.17912400675083384
2025,"2022,2023,2024",Irfan Khan,0.5819944773779471,0.2171932119728553,49.05,0.0,327.0,,,T20I only,0.16004848127893545
2025,"2022,2023,2024",Ish Sodhi,0.30783400403218303,-0.0861057448368965,292.65,0.0,1951.0,,,T20I only,0.08465435110885033
2025,"2022,2023,2024",Ishan Kishan,0.6217350777355554,0.1769846260378389,1740.0,1629.0,740.0,1629.0,0.0,IPL+T20I,0.17097714637727773
2025,"2022,2023,2024",Ishant Sharma,0.8330092981460857,0.2918825963493916,814.0,814.0,0.0,23.0,791.0,IPL only,0.22907755699017357
2025,"2022,2023,2024",Jacob Bethell,0.5424483084719082,0.0290811881037891,40.05,0.0,267.0,,,T20I only,0.14917328482977474
2025,"2022,2023,2024",Jacob Duffy,0.5426549698667954,0.0908826408068252,81.75,0.0,545.0,,,T20I only,0.14923011671336872
2025,"2022,2023,2024",Jagadeesha Suchith,0.5770144366327373,0.1745780321178294,116.0,116.0,0.0,8.0,108.0,IPL only,0.15867897007400275
2025,"2022,2023,2024",Jake Fraser-McGurk,1.931623312824748,1.1038853214270803,458.55,423.0,237.0,423.0,0.0,IPL+T20I,0.5311964110268057
2025,"2022,2023,2024",Jaker Ali,0.5486660458802616,0.1233572653007467,131.25,0.0,875.0,,,T20I only,0.15088316261707194
2025,"2022,2023,2024",James Neesham,0.4610486524480793,0.025205431712593,201.6,45.0,1044.0,27.0,18.0,IPL+T20I,0.1267883794232218
2025,"2022,2023,2024",Jamie Overton,0.5835819446862661,0.2635874061780495,30.15,0.0,201.0,,,T20I only,0.1604850347887232
2025,"2022,2023,2024",Jasdeep Singh,0.43814153122172494,-0.432594258792603,45.0,0.0,300.0,,,T20I only,0.12048892108597435
2025,"2022,2023,2024",Jason Behrendorff,0.5119354498644555,0.1226224429064863,588.3,522.0,442.0,18.0,504.0,IPL+T20I,0.14078224871272524
2025,"2022,2023,2024",Jason Holder,0.11759157513431111,-0.068079328076382,862.35,657.0,1369.0,66.0,591.0,IPL+T20I,0.032337683161935554
2025,"2022,2023,2024",Jason Roy,0.6568117500790401,0.2228240505886289,407.7,378.0,198.0,378.0,0.0,IPL+T20I,0.18062323127173605
2025,"2022,2023,2024",Jasprit Bumrah,1.5497959172202518,0.5604487678750073,1408.55,1310.0,657.0,44.0,1266.0,IPL+T20I,0.42619387723556923
2025,"2022,2023,2024",Jayant Yadav,0.5910344971602238,0.2571835043987499,48.0,48.0,0.0,0.0,48.0,IPL only,0.16253448671906154
2025,"2022,2023,2024",Jaydev Unadkat,0.10066062126916582,-0.0714947289968995,906.0,906.0,0.0,129.0,777.0,IPL only,0.027681670849020602
2025,"2022,2023,2024",Jhye Richardson,0.4655013714085876,-0.0776681905624803,95.4,78.0,116.0,6.0,72.0,IPL+T20I,0.1280128771373616
2025,"2022,2023,2024",Jitesh Sharma,0.8529555602719422,0.2901539164244663,988.7,965.0,158.0,965.0,0.0,IPL+T20I,0.2345627790747841
2025,"2022,2023,2024",Joe Root,0.41763335036400384,-0.4191613454952195,54.0,54.0,0.0,30.0,24.0,IPL only,0.11484917135010105
2025,"2022,2023,2024",Jofra Archer,0.512054199505231,0.1130963545520272,384.6,252.0,884.0,8.0,244.0,IPL+T20I,0.14081490486393852
2025,"2022,2023,2024",Johnson Charles,0.6397380661243154,0.2652355708419516,155.85,0.0,1039.0,,,T20I only,0.1759279681841867
2025,"2022,2023,2024",Jonny Bairstow,0.8271462769964659,0.2853629337213375,863.5,760.0,690.0,760.0,0.0,IPL+T20I,0.22746522617402812
2025,"2022,2023,2024",Jos Buttler,0.8649205829123232,0.2647804299467742,2126.7,1908.0,1458.0,1908.0,0.0,IPL+T20I,0.2378531603008889
2025,"2022,2023,2024",Josh Clarkson,0.5262398232685443,-0.0841389367836392,34.65,0.0,231.0,,,T20I only,0.1447159513988497
2025,"2022,2023,2024",Josh Hazlewood,0.6914422079632028,0.2312090260050497,581.35,421.0,1069.0,30.0,391.0,IPL+T20I,0.19014660718988075
2025,"2022,2023,2024",Josh Inglis,0.6517876635352184,0.29319344870595,142.5,0.0,950.0,,,T20I only,0.17924160747218507
2025,"2022,2023,2024",Josh Little,0.5025823701845278,0.1182135450504705,624.3,480.0,962.0,0.0,480.0,IPL+T20I,0.13821015180074514
2025,"2022,2023,2024",Junaid Siddique,0.5165115816903796,0.016125355750725,77.85,0.0,519.0,,,T20I only,0.1420406849648544
2025,"2022,2023,2024",KL Rahul,0.7106077353571042,0.2083174998982134,2136.45,2085.0,343.0,2085.0,0.0,IPL+T20I,0.19541712722320367
2025,"2022,2023,2024",KM Asif,0.5042765019787481,0.0688038471027245,174.0,174.0,0.0,4.0,170.0,IPL only,0.13867603804415574
2025,"2022,2023,2024",Kagiso Rabada,0.18927476652211025,0.0046406188878121,1535.45,1418.0,783.0,89.0,1329.0,IPL+T20I,0.05205056079358032
2025,"2022,2023,2024",Kamindu Mendis,0.454042818207983,-0.0321158974105056,139.04999999999998,0.0,927.0,,,T20I only,0.12486177500719532
2025,"2022,2023,2024",Kane Richardson,0.5211594213037838,-0.1020750779772628,36.3,0.0,242.0,,,T20I only,0.14331884085854055
2025,"2022,2023,2024",Kane Williamson,0.3796281555230426,0.0157885076792967,408.0,312.0,640.0,312.0,0.0,IPL+T20I,0.10439774276883672
2025,"2022,2023,2024",Karan Sharma,0.33278973027413233,-0.8904168410647781,46.0,46.0,0.0,46.0,0.0,IPL only,0.09151717582538639
2025,"2022,2023,2024",Karim Janat,0.4604305513586416,-0.0001781925172139,162.45,0.0,1083.0,,,T20I only,0.12661840162362645
2025,"2022,2023,2024",Karn Sharma,-0.07985173356949157,-0.1892108328616037,745.0,745.0,0.0,55.0,690.0,IPL only,-0.021959226731610184
2025,"2022,2023,2024",Kartik Tyagi,0.07305436359644779,-0.4330911112605094,210.0,210.0,0.0,6.0,204.0,IPL only,0.02008994998902314
2025,"2022,2023,2024",Kasun Rajitha,0.5327127473701933,0.0089695860626914,48.6,0.0,324.0,,,T20I only,0.14649600552680314
2025,"2022,2023,2024",Keshav Maharaj,0.5935859136275757,0.1801951982320546,296.85,114.0,1219.0,6.0,108.0,IPL+T20I,0.16323612624758332
2025,"2022,2023,2024",Khaleel Ahmed,0.5579025572709951,0.1522391526670633,1549.55,1541.0,57.0,2.0,1539.0,IPL+T20I,0.15342320324952366
2025,"2022,2023,2024",Khushdil Shah,0.5072238154752469,-0.2009070887981399,34.05,0.0,227.0,,,T20I only,0.1394865492556929
2025,"2022,2023,2024",Kieron Pollard,0.3695278338967601,-0.0538773143706021,245.0,218.0,180.0,134.0,84.0,IPL+T20I,0.10162015432160902
2025,"2022,2023,2024",Krishnappa Gowtham,0.4715363371777081,0.0804451781958451,375.0,375.0,0.0,75.0,300.0,IPL only,0.12967249272386971
2025,"2022,2023,2024",Krunal Pandya,0.5875172657025614,0.1633943207492181,2116.0,2116.0,0.0,790.0,1326.0,IPL only,0.16156724806820438
2025,"2022,2023,2024",Kuldeep Sen,0.5657643005594997,0.1548032848509078,411.0,411.0,0.0,3.0,408.0,IPL only,0.1555851826538624
2025,"2022,2023,2024",Kuldeep Yadav,0.3876045988336989,0.089807621820073,2062.55,1934.0,857.0,271.0,1663.0,IPL+T20I,0.1065912646792672
2025,"2022,2023,2024",Kuldip Yadav,0.5277788722016116,0.0542635356184456,84.0,84.0,0.0,0.0,84.0,IPL only,0.1451391898554432
2025,"2022,2023,2024",Kulwant Khejroliya,0.47120331903137547,-0.201211032644555,56.0,56.0,0.0,0.0,56.0,IPL only,0.12958091273362826
2025,"2022,2023,2024",Kumar Kartikeya,0.3455277419750657,-0.009422163192842,409.0,409.0,0.0,19.0,390.0,IPL only,0.09502012904314307
2025,"2022,2023,2024",Kusal Mendis,0.6086272151641565,0.1919494284267124,322.65,0.0,2151.0,,,T20I only,0.16737248417014305
2025,"2022,2023,2024",Kusal Perera,0.5695397159617284,0.1597479495805325,129.75,0.0,865.0,,,T20I only,0.1566234218894753
2025,"2022,2023,2024",Kwena Maphaka,0.15925076557599532,-0.4372297032642073,163.35,108.0,369.0,0.0,108.0,IPL+T20I,0.043793960533398714
2025,"2022,2023,2024",Kyle Mayers,0.6056425460430919,0.1762264153983871,760.25,614.0,975.0,526.0,88.0,IPL+T20I,0.16655170016185025
2025,"2022,2023,2024",Lahiru Kumara,0.5438474335358873,0.0344666145884082,39.45,0.0,263.0,,,T20I only,0.14955804422236899
2025,"2022,2023,2024",Lalit Yadav,0.16532111028926885,-0.0795878644992617,619.0,619.0,0.0,300.0,319.0,IPL only,0.04546330532954894
2025,"2022,2023,2024",Liam Livingstone,0.7335324203687072,0.2232310039406196,1486.5,1254.0,1550.0,816.0,438.0,IPL+T20I,0.20172141560139448
2025,"2022,2023,2024",Litton Das,0.524329525216712,0.1140012279465079,274.85,8.0,1779.0,8.0,0.0,IPL+T20I,0.1441906194345958
2025,"2022,2023,2024",Lizaad Williams,0.17554129722001027,-0.3566605938273853,186.3,120.0,442.0,6.0,114.0,IPL+T20I,0.04827385673550282
2025,"2022,2023,2024",Lockie Ferguson,0.21047705313970871,-0.0119183483268758,984.45,831.0,1023.0,7.0,824.0,IPL+T20I,0.0578811896134199
2025,"2022,2023,2024",Logan van Beek,0.5156754173435737,0.0016775468569637,71.1,0.0,474.0,,,T20I only,0.14181073976948277
2025,"2022,2023,2024",Lorcan Tucker,0.4368084668994576,-0.0023288913570804,205.35,0.0,1369.0,,,T20I only,0.12012232839735083
2025,"2022,2023,2024",Luke Jongwe,0.4477163405285911,-0.0761481516461572,115.65,0.0,771.0,,,T20I only,0.12312199364536254
2025,"2022,2023,2024",Luke Wood,0.11531683024612432,-0.5627721478594955,146.4,120.0,176.0,9.0,111.0,IPL+T20I,0.03171212831768419
2025,"2022,2023,2024",Lungi Ngidi,0.5016140765666272,0.0065775868086237,96.45,0.0,643.0,,,T20I only,0.13794387105582245
2025,"2022,2023,2024",M Shahrukh Khan,0.7443190385839695,0.2658195615938881,557.0,557.0,0.0,521.0,36.0,IPL only,0.20468773561059164
2025,"2022,2023,2024",MS Dhoni,0.8588559477826477,0.343860591193859,521.0,521.0,0.0,521.0,0.0,IPL only,0.23618538564022815
2025,"2022,2023,2024",Mahedi Hasan,0.5113231028004036,0.0798983357566746,177.9,0.0,1186.0,,,T20I only,0.140613853270111
2025,"2022,2023,2024",Maheesh Theekshana,0.4785707462518563,0.119983976315754,1471.75,1165.0,2045.0,7.0,1158.0,IPL+T20I,0.1316069552192605
2025,"2022,2023,2024",Mahipal Lomror,0.2841180459327621,-0.0290154037980805,509.0,509.0,0.0,455.0,54.0,IPL only,0.07813246263150957
2025,"2022,2023,2024",Mahmudullah,0.5264681426472885,0.0982132216896813,169.35,0.0,1129.0,,,T20I only,0.14477873922800433
2025,"2022,2023,2024",Manan Vohra,0.5119025602063496,-0.1831584630643367,33.0,33.0,0.0,33.0,0.0,IPL only,0.14077320405674615
2025,"2022,2023,2024",Manav Suthar,0.4251476252285237,-0.5352289268294707,42.0,42.0,0.0,6.0,36.0,IPL only,0.11691559693784402
2025,"2022,2023,2024",Mandeep Singh,0.20985597428136715,-1.1938116580827125,55.0,55.0,0.0,55.0,0.0,IPL only,0.05771039292737597
2025,"2022,2023,2024",Manimaran Siddharth,0.5397238928733766,0.1172302782794004,171.0,171.0,0.0,0.0,171.0,IPL only,0.14842407054017856
2025,"2022,2023,2024",Manish Pandey,0.06110325376559239,-0.192806522429175,465.0,465.0,0.0,465.0,0.0,IPL only,0.01680339478553791
2025,"2022,2023,2024",Marco Jansen,0.3328637911720202,0.0468520323752703,1010.5,844.0,1110.0,132.0,712.0,IPL+T20I,0.09153754257230556
2025,"2022,2023,2024",Marcus Stoinis,0.7476590273002972,0.2218701496726143,2133.15,1863.0,1801.0,1439.0,424.0,IPL+T20I,0.20560623250758173
2025,"2022,2023,2024",Mark Adair,0.5083677472697652,0.1010677068736081,293.55,0.0,1957.0,,,T20I only,0.13980113049918544
2025,"2022,2023,2024",Mark Chapman,0.5681835191867812,0.1568894212457643,225.9,0.0,1506.0,,,T20I only,0.15625046777636484
2025,"2022,2023,2024",Mark Watt,0.5100009248295095,-0.0257528961979726,66.6,0.0,444.0,,,T20I only,0.14025025432811514
2025,"2022,2023,2024",Mark Wood,0.6298821730423447,0.2188566653768245,263.4,204.0,396.0,10.0,194.0,IPL+T20I,0.1732175975866448
2025,"2022,2023,2024",Matheesha Pathirana,1.0334536894624446,0.3619471731620393,1153.85,995.0,1059.0,0.0,995.0,IPL+T20I,0.2841997646021723
2025,"2022,2023,2024",Matt Henry,0.31733768459903794,-0.0535643250324804,341.85,216.0,839.0,0.0,216.0,IPL+T20I,0.08726786326473544
2025,"2022,2023,2024",Matthew Breetzke,0.505089618820044,-0.0883964955794042,52.8,0.0,352.0,,,T20I only,0.1388996451755121
2025,"2022,2023,2024",Matthew Forde,0.46777338742330277,-0.2410079981451481,51.9,0.0,346.0,,,T20I only,0.12863768154140826
2025,"2022,2023,2024",Matthew Short,0.3976078352585322,0.006376864719874,317.5,232.0,570.0,184.0,48.0,IPL+T20I,0.10934215469609634
2025,"2022,2023,2024",Matthew Wade,0.2894827377000746,-0.1527725331149059,230.25,156.0,495.0,156.0,0.0,IPL+T20I,0.0796077528675205
2025,"2022,2023,2024",Mayank Agarwal,0.40667221826009636,0.0707916427275617,754.0,754.0,0.0,754.0,0.0,IPL only,0.11183486002152651
2025,"2022,2023,2024",Mayank Dagar,0.16861111455210132,-0.1742450133356392,348.0,348.0,0.0,3.0,345.0,IPL only,0.04636805650182786
2025,"2022,2023,2024",Mayank Markande,0.359853929094201,0.0556671907348334,923.0,923.0,0.0,26.0,897.0,IPL only,0.09895983050090527
2025,"2022,2023,2024",Mayank Yadav,0.8618310511704699,0.4585929408141956,255.75,222.0,225.0,0.0,222.0,IPL+T20I,0.23700353907187924
2025,"2022,2023,2024",Mehidy Hasan Miraz,0.48885732501764045,-0.0125608613618616,102.9,0.0,686.0,,,T20I only,0.13443576437985114
2025,"2022,2023,2024",Michael Bracewell,0.530096655453915,0.1284262321995203,414.25,226.0,1255.0,94.0,132.0,IPL+T20I,0.14577658024982662
2025,"2022,2023,2024",Mitchell Marsh,0.5784907227059596,0.1609512964719473,1140.45,957.0,1223.0,497.0,460.0,IPL+T20I,0.15908494874413887
2025,"2022,2023,2024",Mitchell Santner,0.5216646468991498,0.1328885080716524,833.5999999999999,506.0,2184.0,86.0,420.0,IPL+T20I,0.14345777789726621
2025,"2022,2023,2024",Mitchell Starc,0.1051639601928821,-0.0731701140302916,871.65,786.0,571.0,33.0,753.0,IPL+T20I,0.028920089053042577
2025,"2022,2023,2024",Moeen Ali,0.3679374634131162,0.0748396647326849,1457.8,1252.0,1372.0,653.0,599.0,IPL+T20I,0.10118280243860694
2025,"2022,2023,2024",Mohammad Amir,0.5787675265352327,0.1836477252777081,89.1,0.0,594.0,,,T20I only,0.15916106979718897
2025,"2022,2023,2024",Mohammad Hasnain,0.5372627110425799,-0.023577709596665,33.9,0.0,226.0,,,T20I only,0.14774724553670948
2025,"2022,2023,2024",Mohammad Nabi,0.04960321033708806,-0.1430185071696041,636.3,315.0,2142.0,93.0,222.0,IPL+T20I,0.013640882842699218
2025,"2022,2023,2024",Mohammad Nawaz,0.43275867073711694,-0.0550426830217676,148.95,0.0,993.0,,,T20I only,0.11900863445270715
2025,"2022,2023,2024",Mohammad Rizwan,0.5410647256368047,0.1358914698522357,393.45,0.0,2623.0,,,T20I only,0.1487927995501213
2025,"2022,2023,2024",Mohammad Wasim,0.49752643910450167,-0.0447881688832587,74.1,0.0,494.0,,,T20I only,0.13681977075373797
2025,"2022,2023,2024",Mohammed Shami,0.9089699459205199,0.305925307547057,1174.9,1162.0,86.0,12.0,1150.0,IPL+T20I,0.249966735128143
2025,"2022,2023,2024",Mohammed Siraj,0.843090004953245,0.2581196283881983,2019.95,1946.0,493.0,61.0,1885.0,IPL+T20I,0.2318497513621424
2025,"2022,2023,2024",Mohit Sharma,0.35778030117526993,0.0669088652892846,1282.0,1282.0,0.0,47.0,1235.0,IPL only,0.09838958282319923
2025,"2022,2023,2024",Mohsin Khan,0.3252080389097292,0.0443805774976681,1035.0,1035.0,0.0,33.0,1002.0,IPL only,0.08943221070017553
2025,"2022,2023,2024",Mosaddek Hossain,0.5348881918111914,-0.0276619796386361,35.85,0.0,239.0,,,T20I only,0.14709425274807764
2025,"2022,2023,2024",Muhammad Jawadullah,0.5443292432790888,0.0552614862012518,47.1,0.0,314.0,,,T20I only,0.14969054190174944
2025,"2022,2023,2024",Mujeeb Ur Rahman,0.5632246852798882,0.1469549633091443,102.15,0.0,681.0,,,T20I only,0.15488678845196927
2025,"2022,2023,2024",Mukesh Choudhary,0.3996988077301354,0.002287280903564,300.0,300.0,0.0,6.0,294.0,IPL only,0.10991717212578724
2025,"2022,2023,2024",Mukesh Kumar,0.1582700729336938,-0.0244284508603095,1159.1,1067.0,614.0,45.0,1022.0,IPL+T20I,0.0435242700567658
2025,"2022,2023,2024",Murugan Ashwin,0.2262269660780876,-0.2137636216591401,238.0,238.0,0.0,14.0,224.0,IPL only,0.062212415671474085
2025,"2022,2023,2024",Mustafizur Rahman,0.5160011066447308,0.1331307960672413,1129.0,913.0,1440.0,7.0,906.0,IPL+T20I,0.14190030432730097
2025,"2022,2023,2024",Najibullah Zadran,0.49520102213144535,0.0127467161113156,112.65,0.0,751.0,,,T20I only,0.13618028108614746
2025,"2022,2023,2024",Najmul Hossain Shanto,0.39576253217432733,-0.0197016724235887,257.1,0.0,1714.0,,,T20I only,0.10883469634794
2025,"2022,2023,2024",Naman Dhir,0.35406490200370533,-0.0305869626000862,321.0,321.0,0.0,237.0,84.0,IPL only,0.09736784805101896
2025,"2022,2023,2024",Nandre Burger,0.35343036776938996,-0.0304856882531914,322.65,306.0,111.0,0.0,306.0,IPL+T20I,0.09719335113658224
2025,"2022,2023,2024",Nangeyalia Kharote,0.5048998055090993,-0.1551153201325293,40.95,0.0,273.0,,,T20I only,0.1388474465150023
2025,"2022,2023,2024",Narayan Jagadeesan,0.2568428177204033,-0.2298141821296047,199.0,199.0,0.0,199.0,0.0,IPL only,0.07063177487311091
2025,"2022,2023,2024",Naseem Shah,0.32653829842048065,-0.197515260429879,161.4,0.0,1076.0,,,T20I only,0.08979803206563218
2025,"2022,2023,2024",Nasum Ahmed,0.5093669164344201,-0.0555121371947456,57.15,0.0,381.0,,,T20I only,0.14007590201946554
2025,"2022,2023,2024",Nathan Ellis,0.6264837565300959,0.1887178415144027,691.65,585.0,711.0,16.0,569.0,IPL+T20I,0.17228303304577636
2025,"2022,2023,2024",Navdeep Saini,0.25534939620663694,-0.4432509595042042,117.0,117.0,0.0,2.0,115.0,IPL only,0.07022108395682515
2025,"2022,2023,2024",Naveen-ul-Haq,0.4400595998013045,0.101278402508879,1242.25,1060.0,1215.0,54.0,1006.0,IPL+T20I,0.12101638994535872
2025,"2022,2023,2024",Nehal Wadhera,0.6845773997694019,0.2246300133251207,620.0,620.0,0.0,584.0,36.0,IPL only,0.18825878493658552
2025,"2022,2023,2024",Neil Rock,0.4828318281746912,-0.3842327053818007,31.5,0.0,210.0,,,T20I only,0.13277875274804007
2025,"2022,2023,2024",Nicholas Pooran,1.3576933913153784,0.4608592064936478,1738.7,1466.0,1818.0,1466.0,0.0,IPL+T20I,0.37336568261172903
2025,"2022,2023,2024",Nitish Kumar Reddy,0.590605533255868,0.1669459461955633,984.8,938.0,312.0,636.0,302.0,IPL+T20I,0.1624165216453637
2025,"2022,2023,2024",Nitish Rana,0.6609208131004767,0.1987790217739875,1057.0,1057.0,0.0,939.0,118.0,IPL only,0.1817532236026311
2025,"2022,2023,2024",Noor Ahmad,0.4293544467550821,0.0980217378564295,1325.65,1240.0,571.0,45.0,1195.0,IPL+T20I,0.11807247285764756
2025,"2022,2023,2024",Nqabayomzi Peter,0.432609848335684,-0.2305756189817457,74.25,0.0,495.0,,,T20I only,0.1189677082923131
2025,"2022,2023,2024",Nuwan Thushara,0.7168552770723733,0.2464682823744135,583.05,474.0,727.0,0.0,474.0,IPL+T20I,0.19713520119490266
2025,"2022,2023,2024",Obed McCoy,0.38809379544485684,-0.002610492021732,315.75,174.0,945.0,5.0,169.0,IPL+T20I,0.10672579374733562
2025,"2022,2023,2024",Odean Smith,0.21530381960508646,-0.2684926948623546,206.85,135.0,479.0,44.0,91.0,IPL+T20I,0.05920855039139878
2025,"2022,2023,2024",Ottneil Baartman,0.5164015900028748,0.0436752843061993,99.9,0.0,666.0,,,T20I only,0.14201043725079054
2025,"2022,2023,2024",Parvez Hossain Emon,0.542653449635537,0.0013165575683105,32.25,0.0,215.0,,,T20I only,0.14922969864977267
2025,"2022,2023,2024",Pat Cummins,0.4447969587137132,0.1080728458004391,1657.1,1526.0,874.0,309.0,1217.0,IPL+T20I,0.12231916364627114
2025,"2022,2023,2024",Pathum Nissanka,0.6226776002890128,0.2038623569560453,325.95,0.0,2173.0,,,T20I only,0.17123634007947852
2025,"2022,2023,2024",Patrick Kruger,0.48681332721456694,-0.0598769263507493,80.1,0.0,534.0,,,T20I only,0.1338736649840059
2025,"2022,2023,2024",Paul Stirling,0.5267141694227543,0.1054964455830354,199.2,0.0,1328.0,,,T20I only,0.14484639659125742
2025,"2022,2023,2024",Paul van Meekeren,0.5740359558363038,0.1764001306525103,68.55,0.0,457.0,,,T20I only,0.15785988785498356
2025,"2022,2023,2024",Phil Salt,1.412176832996349,0.5254996032207334,1185.65,983.0,1351.0,983.0,0.0,IPL+T20I,0.38834862907399603
2025,"2022,2023,2024",Piyush Chawla,0.5773180869534061,0.1600738067059928,1451.0,1451.0,0.0,89.0,1362.0,IPL only,0.1587624739121867
2025,"2022,2023,2024",Prabhsimran Singh,0.7429332454408997,0.2343098946211632,1126.0,1126.0,0.0,1126.0,0.0,IPL only,0.20430664249624741
2025,"2022,2023,2024",Pradeep Sangwan,0.5891469287590997,0.232859404246187,59.0,59.0,0.0,5.0,54.0,IPL only,0.1620154054087524
2025,"2022,2023,2024",Prashant Solanki,0.6213559668470175,0.4592072176421754,36.0,36.0,0.0,0.0,36.0,IPL only,0.1708728908829298
2025,"2022,2023,2024",Prasidh Krishna,0.8375886661418512,0.3458261800524075,450.3,414.0,242.0,12.0,402.0,IPL+T20I,0.23033688318900908
2025,"2022,2023,2024",Praveen Dubey,0.5294186846845264,0.0493020981178936,76.0,76.0,0.0,40.0,36.0,IPL only,0.14559013828824477
2025,"2022,2023,2024",Prerak Mankad,0.39308136840028585,-0.1233703784324249,145.0,145.0,0.0,145.0,0.0,IPL only,0.10809737631007861
2025,"2022,2023,2024",Prithvi Shaw,0.7662941446447599,0.2640465373948552,718.0,718.0,0.0,718.0,0.0,IPL only,0.21073088977730894
2025,"2022,2023,2024",Priyam Garg,0.410899536293407,-0.268430818889404,79.0,79.0,0.0,79.0,0.0,IPL only,0.11299737248068693
2025,"2022,2023,2024",Qais Ahmad,0.5535894684378924,0.0951092328574247,46.65,0.0,311.0,,,T20I only,0.1522371038204204
2025,"2022,2023,2024",Quinton de Kock,0.8425930176364615,0.2739810988743263,1253.15,1103.0,1001.0,1103.0,0.0,IPL+T20I,0.23171307985002693
2025,"2022,2023,2024",Rachin Ravindra,0.8644914853102421,0.3436896203233953,539.7,450.0,598.0,414.0,36.0,IPL+T20I,0.2377351584603166
2025,"2022,2023,2024",Raghav Goyal,0.48726574289721414,-0.1875088445991895,48.0,48.0,0.0,0.0,48.0,IPL only,0.13399807929673388
2025,"2022,2023,2024",Rahmanullah Gurbaz,0.4180271013256244,0.0771367271764208,760.45,478.0,1883.0,478.0,0.0,IPL+T20I,0.11495745286454671
2025,"2022,2023,2024",Rahul Chahar,0.34278695962794975,0.0666870145824198,1568.0,1568.0,0.0,131.0,1437.0,IPL only,0.09426641389768618
2025,"2022,2023,2024",Rahul Tewatia,0.39977791353280967,0.064482955095252,710.0,710.0,0.0,648.0,62.0,IPL only,0.10993892622152265
2025,"2022,2023,2024",Rahul Tripathi,0.9276116440742128,0.3209940229830337,1052.1,1032.0,134.0,1032.0,0.0,IPL+T20I,0.25509320212040854
2025,"2022,2023,2024",Rajat Patidar,1.0744455126123171,0.4055060822853579,887.0,887.0,0.0,887.0,0.0,IPL only,0.2954725159683872
2025,"2022,2023,2024",Rajvardhan Hangargekar,0.5385714307171847,0.0730262320734422,74.0,74.0,0.0,0.0,74.0,IPL only,0.14810714344722578
2025,"2022,2023,2024",Ramandeep Singh,0.9397505846247187,0.5092924527232864,285.7,274.0,78.0,226.0,48.0,IPL+T20I,0.25843141077179765
2025,"2022,2023,2024",Rashid Khan,0.7729800939125466,0.2278501623531177,2589.4,2350.0,1596.0,377.0,1973.0,IPL+T20I,0.21256952582595032
2025,"2022,2023,2024",Rasikh Salam,0.19959853175176315,-0.0713283547352948,561.0,561.0,0.0,96.0,465.0,IPL only,0.054889596231734866
2025,"2022,2023,2024",Rassie van der Dussen,0.37898527066596266,-0.2316709325253808,108.0,24.0,560.0,24.0,0.0,IPL+T20I,0.10422094943313974
2025,"2022,2023,2024",Ravi Bishnoi,0.22819680761100325,0.0305660787227578,2028.8,1796.0,1552.0,73.0,1723.0,IPL+T20I,0.06275412209302589
2025,"2022,2023,2024",Ravichandran Ashwin,0.4910313401541809,0.1291161972001727,2485.45,2440.0,303.0,459.0,1981.0,IPL+T20I,0.13503361854239973
2025,"2022,2023,2024",Ravindra Jadeja,0.5172841368847895,0.1387566539401675,2761.0,2656.0,700.0,925.0,1731.0,IPL+T20I,0.14225313764331712
2025,"2022,2023,2024",Reece Topley,0.33235956593912325,-0.0109343880493209,442.2,312.0,868.0,18.0,294.0,IPL+T20I,0.0913988806332589
2025,"2022,2023,2024",Reeza Hendricks,0.5838040635712809,0.1711351443058709,297.6,0.0,1984.0,,,T20I only,0.16054611748210226
2025,"2022,2023,2024",Rehan Ahmed,0.4226854017779194,-0.2740142877949457,71.39999999999999,0.0,476.0,,,T20I only,0.11623848548892783
2025,"2022,2023,2024",Richard Gleeson,0.520362941225904,0.0896418638888551,169.5,150.0,130.0,6.0,144.0,IPL+T20I,0.14309980883712362
2025,"2022,2023,2024",Richard Ngarava,0.5108460650099967,0.0888320261504202,210.9,0.0,1406.0,,,T20I only,0.1404826678777491
2025,"2022,2023,2024",Rilee Rossouw,1.076712552067279,0.4421461245086069,671.25,630.0,275.0,630.0,0.0,IPL+T20I,0.2960959518185017
2025,"2022,2023,2024",Riley Meredith,0.5667365794911498,0.1555260476747335,411.0,411.0,0.0,5.0,406.0,IPL only,0.15585255936006617
2025,"2022,2023,2024",Rinku Singh,0.6863465034954309,0.2076773156452253,1209.1,1090.0,794.0,1090.0,0.0,IPL+T20I,0.1887452884612435
2025,"2022,2023,2024",Ripal Patel,0.5045571480041513,0.0027561722863225,89.0,89.0,0.0,89.0,0.0,IPL only,0.13875321570114163
2025,"2022,2023,2024",Rishabh Pant,0.7221474051937348,0.2233648055669668,1202.15,1085.0,781.0,1085.0,0.0,IPL+T20I,0.19859053642827706
2025,"2022,2023,2024",Rishad Hossain,0.3502843720148775,-0.1117935116209976,200.85,0.0,1339.0,,,T20I only,0.09632820230409132
2025,"2022,2023,2024",Rishi Dhawan,0.3993833252680899,0.0074579532442604,316.0,316.0,0.0,64.0,252.0,IPL only,0.10983041444872473
2025,"2022,2023,2024",Riyan Parag,0.8414877797345551,0.2653016643983713,1556.55,1494.0,417.0,1416.0,78.0,IPL+T20I,0.23140913942700267
2025,"2022,2023,2024",Robin Uthappa,0.6936593500483801,0.3328524442433929,171.0,171.0,0.0,171.0,0.0,IPL only,0.19075632126330452
2025,"2022,2023,2024",Rohit Sharma,0.7154196408094803,0.2131463520410285,1736.4,1557.0,1196.0,1557.0,0.0,IPL+T20I,0.19674040122260708
2025,"2022,2023,2024",Romario Shepherd,0.10684498278720105,-0.0891514915893778,748.0,376.0,2480.0,106.0,270.0,IPL+T20I,0.029382370266480284
2025,"2022,2023,2024",Rony Talukdar,0.5684783095552444,0.1610188716001045,42.9,0.0,286.0,,,T20I only,0.15633153512769218
2025,"2022,2023,2024",Ross Adair,0.6067823544490938,0.2826849544571783,65.39999999999999,0.0,436.0,,,T20I only,0.16686514747350079
2025,"2022,2023,2024",Roston Chase,0.4778596561036972,0.0718192020251771,289.35,0.0,1929.0,,,T20I only,0.13141140542851673
2025,"2022,2023,2024",Rovman Powell,0.34157579301314056,0.0331509473010539,715.3,421.0,1962.0,389.0,32.0,IPL+T20I,0.09393334307861365
2025,"2022,2023,2024",Ruturaj Gaikwad,1.123232492145572,0.3524814412512938,2454.35,2330.0,829.0,2330.0,0.0,IPL+T20I,0.3088889353400323
2025,"2022,2023,2024",Ryan Burl,0.5637699989322749,0.1452414294250545,72.0,0.0,480.0,,,T20I only,0.1550367497063756
2025,"2022,2023,2024",Ryan Rickelton,0.5735740950942726,0.1712032516600923,87.75,0.0,585.0,,,T20I only,0.15773287615092496
2025,"2022,2023,2024",Sadeera Samarawickrama,0.5153377744661423,0.0058308111491151,73.8,0.0,492.0,,,T20I only,0.14171788797818913
2025,"2022,2023,2024",Safyaan Sharif,0.53915082705684,0.0204624012369614,42.6,0.0,284.0,,,T20I only,0.148266477440631
2025,"2022,2023,2024",Sai Kishore,0.6614930729558017,0.227324261200979,398.7,384.0,98.0,18.0,366.0,IPL+T20I,0.1819105950628455
2025,"2022,2023,2024",Sai Sudharsan,0.9137306607661853,0.289477745087648,1745.0,1745.0,0.0,1745.0,0.0,IPL only,0.25127593171070095
2025,"2022,2023,2024",Saim Ayub,0.5242553801311551,0.0926719198739197,161.4,0.0,1076.0,,,T20I only,0.14417022953606765
2025,"2022,2023,2024",Sam Billings,0.5088745252572017,0.0619021300102392,144.45,138.0,43.0,138.0,0.0,IPL+T20I,0.13994049444573045
2025,"2022,2023,2024",Sam Curran,0.013045987546635288,-0.037126390984568,2621.2,2380.0,1608.0,1063.0,1317.0,IPL+T20I,0.0035876465753247044
2025,"2022,2023,2024",Sameer Rizvi,0.43747949224902405,-0.0736170589864092,129.0,129.0,0.0,129.0,0.0,IPL only,0.12030686036848161
2025,"2022,2023,2024",Sandeep Lamichhane,0.5728442096577981,0.1915688408064863,30.6,0.0,204.0,,,T20I only,0.15753215765589448
2025,"2022,2023,2024",Sandeep Sharma,0.8794549979945233,0.2855013593752582,1376.0,1376.0,0.0,12.0,1364.0,IPL only,0.2418501244484939
2025,"2022,2023,2024",Sandeep Warrier,0.221342617098428,-0.2705861736475375,201.0,201.0,0.0,0.0,201.0,IPL only,0.060869219702067705
2025,"2022,2023,2024",Sanju Samson,1.0327776146725578,0.3295743063444157,1966.15,1822.0,961.0,1822.0,0.0,IPL+T20I,0.2840138440349534
2025,"2022,2023,2024",Sanvir Singh,0.4126354529930763,-0.4383523458630308,54.0,54.0,0.0,54.0,0.0,IPL only,0.11347474957309599
2025,"2022,2023,2024",Saqib Mahmood,0.5720760032850234,0.1693808574168629,74.1,0.0,494.0,,,T20I only,0.15732090090338144
2025,"2022,2023,2024",Sarfaraz Khan,0.419849550329526,-0.0332845643205547,191.0,191.0,0.0,191.0,0.0,IPL only,0.11545862634061964
2025,"2022,2023,2024",Saurabh Netravalkar,0.5754143689699426,0.180264444972052,69.75,0.0,465.0,,,T20I only,0.15823895146673422
2025,"2022,2023,2024",Saurav Chauhan,0.4883490470284134,-0.2040105965504855,45.0,45.0,0.0,45.0,0.0,IPL only,0.1342959879328137
2025,"2022,2023,2024",Sean Abbott,0.5210704255602417,0.0540004107071905,99.95,29.0,473.0,5.0,24.0,IPL+T20I,0.14329436702906648
2025,"2022,2023,2024",Sean Williams,0.5584965216310609,0.118935839707579,49.65,0.0,331.0,,,T20I only,0.15358654344854175
2025,"2022,2023,2024",Sediqullah Atal,0.42731954827984886,-0.4818643422418667,45.0,0.0,300.0,,,T20I only,0.11751287577695844
2025,"2022,2023,2024",Shadab Khan,0.46678243007578646,0.0463530198470141,236.25,0.0,1575.0,,,T20I only,0.12836516827084127
2025,"2022,2023,2024",Shadley van Schalkwyk,0.5077290402802103,-0.1920670853739542,34.65,0.0,231.0,,,T20I only,0.13962548607705783
2025,"2022,2023,2024",Shahbaz Ahmed,-0.06785445048792176,-0.0970730090044933,1559.6,1550.0,64.0,757.0,793.0,IPL+T20I,-0.018659973884178484
2025,"2022,2023,2024",Shaheen Shah Afridi,0.5055563617728396,0.0997747840864882,303.45,0.0,2023.0,,,T20I only,0.1390279994875309
2025,"2022,2023,2024",Shai Hope,0.7236317948163398,0.2578520077111687,510.9,366.0,966.0,366.0,0.0,IPL+T20I,0.19899874357449343
2025,"2022,2023,2024",Shakib Al Hasan,0.4840091811697412,0.0703834446438118,256.05,0.0,1707.0,,,T20I only,0.13310252482167884
2025,"2022,2023,2024",Shamar Joseph,0.3118151818871195,-0.2214079120063077,160.2,81.0,528.0,0.0,81.0,IPL+T20I,0.08574917501895786
2025,"2022,2023,2024",Shamim Hossain,0.5926160132879614,0.2645961269920209,47.7,0.0,318.0,,,T20I only,0.1629694036541894
2025,"2022,2023,2024",Shams Mulani,0.4171139266333029,-0.1964394441307582,93.0,93.0,0.0,3.0,90.0,IPL only,0.11470632982415829
2025,"2022,2023,2024",Shan Masood,0.5418412667783437,0.047637130259376,48.6,0.0,324.0,,,T20I only,0.1490063483640445
2025,"2022,2023,2024",Shardul Thakur,0.1709398686363093,-0.0072150819776922,1407.6,1404.0,24.0,278.0,1126.0,IPL+T20I,0.04700846387498506
2025,"2022,2023,2024",Shashank Singh,1.1630427536915109,0.47863833930242,722.0,722.0,0.0,692.0,30.0,IPL only,0.31983675726516547
2025,"2022,2023,2024",Sheldon Cottrell,0.5456216502308165,0.041549308198853,38.7,0.0,258.0,,,T20I only,0.15004595381347455
2025,"2022,2023,2024",Sherfane Rutherford,0.45114534117264693,-0.0188364654512758,156.64999999999998,50.0,711.0,50.0,0.0,IPL+T20I,0.1240649688224779
2025,"2022,2023,2024",Shikhar Dhawan,0.5037203240144266,0.1287891006262364,1260.0,1260.0,0.0,1260.0,0.0,IPL only,0.1385230891039673
2025,"2022,2023,2024",Shimron Hetmyer,0.7154980427189341,0.2297814072628561,863.2,805.0,388.0,805.0,0.0,IPL+T20I,0.19676196174770688
2025,"2022,2023,2024",Shivam Dube,1.1088065913947762,0.369554832348756,1612.4,1475.0,916.0,1445.0,30.0,IPL+T20I,0.3049218126335635
2025,"2022,2023,2024",Shivam Mavi,0.3436503930232231,-0.1560969982173198,171.9,141.0,206.0,7.0,134.0,IPL+T20I,0.09450385808138635
2025,"2022,2023,2024",Shoriful Islam,0.5073052837253951,0.0209762265771772,97.65,0.0,651.0,,,T20I only,0.13950895302448366
2025,"2022,2023,2024",Shreyas Gopal,0.36013965887284954,-0.1652271800463538,151.0,151.0,0.0,7.0,144.0,IPL only,0.09903840619003362
2025,"2022,2023,2024",Shreyas Iyer,0.8283704470357472,0.2741526371681638,1083.7,1021.0,418.0,1015.0,6.0,IPL+T20I,0.22780187293483048
2025,"2022,2023,2024",Shubham Dubey,0.6172886163844922,0.3381240326512917,57.0,57.0,0.0,57.0,0.0,IPL only,0.16975436950573536
2025,"2022,2023,2024",Shubman Gill,1.2382581879965295,0.3918766244211032,2514.5,2360.0,1030.0,2360.0,0.0,IPL+T20I,0.34052100169904564
2025,"2022,2023,2024",Sikandar Raza,0.44860627922141993,0.0915504960263179,718.95,492.0,1513.0,310.0,182.0,IPL+T20I,0.12336672678589049
2025,"2022,2023,2024",Simarjeet Singh,0.550879257975819,0.1419220340983867,333.0,333.0,0.0,8.0,325.0,IPL only,0.15149179594335024
2025,"2022,2023,2024",Sisanda Magala,0.5198817373021156,0.0343820278878469,84.3,72.0,82.0,0.0,72.0,IPL+T20I,0.14296747775808177
2025,"2022,2023,2024",Soumya Sarkar,0.5478954900298413,0.1165104421017705,110.1,0.0,734.0,,,T20I only,0.15067125975820636
2025,"2022,2023,2024",Spencer Johnson,0.20077621879197552,-0.1331547430274636,374.7,309.0,438.0,21.0,288.0,IPL+T20I,0.05521346016779327
2025,"2022,2023,2024",Steven Smith,0.5283634086875901,-0.0439084068211501,39.75,0.0,265.0,,,T20I only,0.14529993738908728
2025,"2022,2023,2024",Sufiyan Muqeem,0.5128663029054963,-0.125228548587174,39.45,0.0,263.0,,,T20I only,0.14103823329901147
2025,"2022,2023,2024",Sumit Kumar,0.23247440109906692,-0.4245518551761479,132.0,132.0,0.0,72.0,60.0,IPL only,0.0639304603022434
2025,"2022,2023,2024",Sunil Narine,1.1884015059430528,0.369471478388201,2802.0,2802.0,0.0,900.0,1902.0,IPL only,0.32681041413433953
2025,"2022,2023,2024",Suryakumar Yadav,1.5529393936045082,0.5291516737934675,1858.2,1494.0,2428.0,1494.0,0.0,IPL+T20I,0.4270583332412397
2025,"2022,2023,2024",Suyash Prabhudessai,0.36995128914620085,-0.1205754697191478,171.0,171.0,0.0,171.0,0.0,IPL only,0.10173660451520523
2025,"2022,2023,2024",Suyash Sharma,0.36873836476077,0.0308332114932158,542.0,542.0,0.0,0.0,542.0,IPL only,0.10140305030921175
2025,"2022,2023,2024",Swapnil Singh,0.5056994707646617,0.1067743117088671,368.0,368.0,0.0,71.0,297.0,IPL only,0.13906735446028196
2025,"2022,2023,2024",T Natarajan,0.7370322874237873,0.2216430703739231,1722.0,1722.0,0.0,0.0,1722.0,IPL only,0.20268387904154153
2025,"2022,2023,2024",Tabraiz Shamsi,0.5043990715806679,0.0138726399990925,97.2,0.0,648.0,,,T20I only,0.13870974468468367
2025,"2022,2023,2024",Tanush Kotian,0.3061174655213066,-0.4567142103350441,93.0,93.0,0.0,93.0,0.0,IPL only,0.08418230301835931
2025,"2022,2023,2024",Tanveer Sangha,0.5260215003147508,-0.0098372859430658,51.6,0.0,344.0,,,T20I only,0.14465591258655647
2025,"2022,2023,2024",Tanzid Hasan,0.4854462043514872,0.0173638318989639,135.9,0.0,906.0,,,T20I only,0.133497706196659
2025,"2022,2023,2024",Tanzim Hasan Sakib,0.3332089547032016,-0.2305416287345883,139.95,0.0,933.0,,,T20I only,0.09163246254338044
2025,"2022,2023,2024",Taskin Ahmed,0.4193728690140451,0.0044690770204246,257.1,0.0,1714.0,,,T20I only,0.1153275389788624
2025,"2022,2023,2024",Tayyab Tahir,0.5486430454490759,0.0618927881560381,40.65,0.0,271.0,,,T20I only,0.1508768374984959
2025,"2022,2023,2024",Tendai Chatara,0.5513610108393934,0.1127061236646719,79.5,0.0,530.0,,,T20I only,0.15162427798083317
2025,"2022,2023,2024",Tilak Varma,0.9623207895772635,0.3083493031513463,1739.05,1591.0,987.0,1555.0,36.0,IPL+T20I,0.26463821713374747
2025,"2022,2023,2024",Tim David,0.770180976872566,0.2523787353619882,961.8,834.0,852.0,834.0,0.0,IPL+T20I,0.21179976863995564
2025,"2022,2023,2024",Tim Pringle,0.49368118221139545,-0.099683118988457,60.3,0.0,402.0,,,T20I only,0.13576232510813374
2025,"2022,2023,2024",Tim Robinson,0.532046944284376,0.0099375126816939,49.95,0.0,333.0,,,T20I only,0.1463129096782034
2025,"2022,2023,2024",Tim Seifert,0.5571620602814664,0.1400464070135407,150.1,19.0,874.0,19.0,0.0,IPL+T20I,0.15321956657740327
2025,"2022,2023,2024",Tim Southee,0.5462336768537718,0.1415954542491126,473.5,295.0,1190.0,12.0,283.0,IPL+T20I,0.15021426113478725
2025,"2022,2023,2024",Tom Kohler-Cadmore,0.3959195804021872,-0.0949274772862935,162.0,162.0,0.0,162.0,0.0,IPL only,0.1088778846106015
2025,"2022,2023,2024",Tom Latham,0.4862748687809727,-0.1708177953811547,51.3,0.0,342.0,,,T20I only,0.1337255889147675
2025,"2022,2023,2024",Towhid Hridoy,0.5919432866046397,0.1846426146880625,215.85,0.0,1439.0,,,T20I only,0.16278440381627593
2025,"2022,2023,2024",Travis Head,1.3436563802574775,0.5061144507628399,1093.8,918.0,1172.0,888.0,30.0,IPL+T20I,0.3695055045708063
2025,"2022,2023,2024",Trent Boult,0.9374356940718749,0.2937200570954884,1982.6,1895.0,584.0,105.0,1790.0,IPL+T20I,0.2577948158697656
2025,"2022,2023,2024",Trevor Gwandu,0.5129405512805385,-0.0622345990415413,51.6,0.0,344.0,,,T20I only,0.1410586516021481
2025,"2022,2023,2024",Tristan Stubbs,1.1967121877937,0.46242490155309,908.55,720.0,1257.0,660.0,60.0,IPL+T20I,0.3290958516432675
2025,"2022,2023,2024",Tushar Deshpande,0.5643766663996816,0.1548373856415059,1607.0,1607.0,0.0,5.0,1602.0,IPL only,0.15520358325991243
2025,"2022,2023,2024",Tymal Mills,0.35653632454877343,-0.2134043356748959,130.35,105.0,169.0,3.0,102.0,IPL+T20I,0.0980474892509127
2025,"2022,2023,2024",Umesh Yadav,0.45607501252359556,0.1045486670556183,1027.05,1020.0,47.0,121.0,899.0,IPL+T20I,0.12542062844398877
2025,"2022,2023,2024",Umran Malik,0.12415955679584506,-0.1043568087363899,616.1,581.0,234.0,24.0,557.0,IPL+T20I,0.03414387811885739
2025,"2022,2023,2024",Usama Mir,0.4945257570683971,-0.1095833628963324,57.15,0.0,381.0,,,T20I only,0.1359945831938092
2025,"2022,2023,2024",Usman Ghani,0.5287980447328253,-0.0431068810102386,39.45,0.0,263.0,,,T20I only,0.14541946230152697
2025,"2022,2023,2024",Usman Khan,0.5181802262329347,0.0304275255133703,84.6,0.0,564.0,,,T20I only,0.14249956221405705
2025,"2022,2023,2024",Vaibhav Arora,0.7594660032640819,0.2506228884949307,885.0,885.0,0.0,20.0,865.0,IPL only,0.20885315089762252
2025,"2022,2023,2024",Varun Aaron,0.5326070958260275,-0.0770037789214337,30.0,30.0,0.0,0.0,30.0,IPL only,0.14646695135215757
2025,"2022,2023,2024",Varun Chakravarthy,0.9805984353930589,0.3118019000422016,1887.5,1811.0,510.0,36.0,1775.0,IPL+T20I,0.2696645697330912
2025,"2022,2023,2024",Venkatesh Iyer,0.6997141917411837,0.209654166952735,1477.65,1464.0,91.0,1422.0,42.0,IPL+T20I,0.19242140272882552
2025,"2022,2023,2024",Vidwath Kaverappa,0.5118109989454183,-0.0079654552584131,72.0,72.0,0.0,0.0,72.0,IPL only,0.14074802470999
2025,"2022,2023,2024",Vijay Shankar,0.6363595101093346,0.1958608430180055,636.0,636.0,0.0,627.0,9.0,IPL only,0.174998865280067
2025,"2022,2023,2024",Vijayakanth Viyaskanth,0.4105377556433094,-0.0323761426592779,207.9,195.0,86.0,15.0,180.0,IPL+T20I,0.11289788280191008
2025,"2022,2023,2024",Vijaykumar Vyshak,0.5526447399460325,0.1470519134936247,578.0,578.0,0.0,27.0,551.0,IPL only,0.15197730348515892
2025,"2022,2023,2024",Virat Kohli,0.8803440880110669,0.2636248987454934,2797.7,2645.0,1018.0,2645.0,0.0,IPL+T20I,0.2420946242030434
2025,"2022,2023,2024",Vishnu Vinod,0.5209882558169399,-0.0009338523915852,62.0,62.0,0.0,62.0,0.0,IPL only,0.14327177034965846
2025,"2022,2023,2024",Vivian Kingma,0.5595352098701885,0.1207466935050046,45.9,0.0,306.0,,,T20I only,0.15387218271430184
2025,"2022,2023,2024",Vivrant Sharma,0.5685679164958511,0.158010238178278,132.0,132.0,0.0,94.0,38.0,IPL only,0.15635617703635907
2025,"2022,2023,2024",Wanindu Hasaranga,0.40771034088508973,0.003011943337657,281.79999999999995,64.0,1452.0,16.0,48.0,IPL+T20I,0.11212034374339966
2025,"2022,2023,2024",Wanindu Hasaranga de Silva,0.5244604304954801,0.1344783801299076,848.6,725.0,824.0,83.0,642.0,IPL+T20I,0.14422661838625703
2025,"2022,2023,2024",Washington Sundar,0.18036124439964796,-0.0458363904929925,780.75,663.0,785.0,192.0,471.0,IPL+T20I,0.04959934220990319
2025,"2022,2023,2024",Wayne Parnell,0.6602652100879834,0.2282493467410722,382.85,314.0,459.0,10.0,304.0,IPL+T20I,0.18157293277419545
2025,"2022,2023,2024",Wellington Masakadza,0.4895947183902384,0.0213807655119856,132.29999999999998,0.0,882.0,,,T20I only,0.13463854755731555
2025,"2022,2023,2024",Wiaan Mulder,0.47381304560781934,-0.2662245494262286,45.45,0.0,303.0,,,T20I only,0.13029858754215032
2025,"2022,2023,2024",Will Jacks,0.5515342239041812,0.1470503188923917,662.25,555.0,715.0,393.0,162.0,IPL+T20I,0.15167191157364981
2025,"2022,2023,2024",Will Young,0.5002592375023404,-0.0601517163461456,65.39999999999999,0.0,436.0,,,T20I only,0.1375712903131436
2025,"2022,2023,2024",William O'Rourke,0.5787736289466623,0.2238423247755751,33.75,0.0,225.0,,,T20I only,0.1591627479603321
2025,"2022,2023,2024",Wriddhiman Saha,0.33466491100347256,0.0539955054609723,1178.0,1178.0,0.0,1178.0,0.0,IPL only,0.09203285052595496
2025,"2022,2023,2024",Xavier Bartlett,0.6563478188270211,0.5231576575744984,49.95,0.0,333.0,,,T20I only,0.1804956501774308
2025,"2022,2023,2024",Yash Dayal,0.677230906162784,0.2028027324091997,1276.0,1276.0,0.0,1.0,1275.0,IPL only,0.1862384991947656
2025,"2022,2023,2024",Yash Dhull,0.005455358454778915,-2.3502569797330466,46.0,46.0,0.0,46.0,0.0,IPL only,0.0015002235750642015
2025,"2022,2023,2024",Yash Thakur,0.13048313993612073,-0.0459391048220559,1028.0,1028.0,0.0,0.0,1028.0,IPL only,0.035882863482433205
2025,"2022,2023,2024",Yashasvi Jaiswal,1.2034930939584734,0.3935808804541318,1955.3,1796.0,1062.0,1795.0,1.0,IPL+T20I,0.33096060083858014
2025,"2022,2023,2024",Yudhvir Singh,0.4055760786222535,-0.0340628060421244,214.0,214.0,0.0,46.0,168.0,IPL only,0.1115334216211197
2025,"2022,2023,2024",Yuzvendra Chahal,0.2902605749255503,0.0556650866584371,2208.75,2097.0,745.0,8.0,2089.0,IPL+T20I,0.07982165810452634
2025,"2022,2023,2024",Zahoor Khan,0.5714031597368386,0.1695909690844915,61.35,0.0,409.0,,,T20I only,0.15713586892763062
2025,"2022,2023,2024",Zakary Foulkes,0.5157535269142057,0.0203617202221216,81.89999999999999,0.0,546.0,,,T20I only,0.14183221990140657
2025,"2022,2023,2024",Zaman Khan,0.5437108375597505,0.0854271241960743,71.25,0.0,475.0,,,T20I only,0.1495204803289314
